id,title,dateSigned,description,status,awardID,value_amount,value_currency,period_endDate,period_startDate,period_maxExtentDate,period_durationInDays,main_ocid,main_id
2260,P1/AUX/PC/02/23,2024-09-15T13:46:19Z,"SUPPLY; DELIVERY; COMMISSIONING & MAINTENANCE OF OFFICE AUTOMATION SOLUTION SITA OFFICE
",active,35237,411947,ZAR,2026-04-30T00:00:00Z,2023-05-01T00:00:00Z,2026-04-30T00:00:00Z,1095,ocds-9t57fa-101990,ocds-9t57fa-101990-2022-12-23T00:00:00Z
125,VAR 02/2022,2022-05-20T10:58:17Z,"Extension of the current contract for supply, installation and maintenance of sanitary and healthcare equipment for a period of 12 months commencing 1 May 2022 until 30 April 2023, at an estimated total cost of R15 565 963.00 VAT Inclusive
",active,2604,15565963,ZAR,2023-04-30T00:00:00Z,2022-05-01T00:00:00Z,2023-04-30T00:00:00Z,364,ocds-9t57fa-21546,ocds-9t57fa-21546-2022-04-29T00:00:00Z
2136,ZNB96/2022/23HSE,2024-08-22T08:38:12Z,APPOINTMENT OF CONTRACTORS TO THE DEPARTMENTAL PANEL OF SERVICE PROVIDERS TO UNDERTAKE CONSTRUCTION OF TEMPORARY RESIDENTIAL UNITS (TRU) DURING DISASTERS AND EMERGENCY CASES IN VARIOUS DISTRICTS WITHIN KWAZULU-NATAL PROVINCE FOR A PERIOD NOT EXCEEDING 36 MONTHS. ,active,16950,0,ZAR,2026-03-13T00:00:00Z,2024-03-14T00:00:00Z,2026-03-13T00:00:00Z,729,ocds-9t57fa-43691,ocds-9t57fa-43691-2022-12-15T00:00:00Z
843,3100032804,2023-03-30T07:23:55Z,Supply and deliver Apple products,active,9840,381726,ZAR,2023-03-31T00:00:00Z,2023-02-15T00:00:00Z,2023-03-31T00:00:00Z,44,ocds-9t57fa-50704,ocds-9t57fa-50704-2022-12-15T00:00:00Z
171,T54/2022,2022-06-14T13:10:13Z,PRINTING AND DISTRIBUTION OF MUNICIPAL ACCOUNTS FOR A PERIOD OF 3 YEARS,active,3031,253197,ZAR,2025-06-30T00:00:00Z,2022-07-01T00:00:00Z,2025-06-30T00:00:00Z,1095,ocds-9t57fa-19461,ocds-9t57fa-19461-2022-03-18T00:00:00Z
202,T60/2022,2022-07-19T13:50:17Z,"SHORT-TERM INSURANCE PORTFOLIO FOR THE MANAGEMENT OF  (a) GENERAL INSURANCE / (b) MOTOR FLEET / TRANSPORT ASSETS INSURANCE
 FOR THE PERIOD 2022 TILL 2025.
",active,3497,1692661,ZAR,2025-06-30T00:00:00Z,2022-07-01T00:00:00Z,2025-06-30T00:00:00Z,1095,ocds-9t57fa-20408,ocds-9t57fa-20408-2022-04-14T00:00:00Z
770,B/SM 61/22,2023-02-15T09:07:12Z,"TENDER FOR BSM 61/22: THE PROCUREMENT OF AN INTEGRATED RISK AND INTERNAL AUDIT SOFTWARE TOOL FROM 1 JULY 2022 UNTIL 30 JUNE 2025
",active,3743,1064062,ZAR,2025-06-30T00:00:00Z,2022-07-15T00:00:00Z,2025-06-30T00:00:00Z,1081,ocds-9t57fa-22512,ocds-9t57fa-22512-2022-05-27T00:00:00Z
495,T96/2022,2022-11-03T12:32:01Z,UPGRADING OF SIDEWALKS IN STRUISBAAI,active,4595,527321,ZAR,2022-12-15T00:00:00Z,2022-11-07T00:00:00Z,2022-12-15T00:00:00Z,38,ocds-9t57fa-24146,ocds-9t57fa-24146-2022-06-17T00:00:00Z
496,4600015898,2022-11-03T12:32:02Z,REQUEST FOR QUOTATION (RFQ) FOR THE PROVISION OF STATION CLEANING AND HORTICULTURAL SERVICES FOR A PERIOD OF 8 MONTHS PORT ELIZABETH CORRODOR,active,3899,1114919,ZAR,2023-03-31T00:00:00Z,2022-08-01T00:00:00Z,2023-03-31T00:00:00Z,242,ocds-9t57fa-25342,ocds-9t57fa-25342-2022-07-01T00:00:00Z
1100,NWDOH 07/2022,2023-08-03T07:34:54Z,"Re-design, construction and commissioning of medical gas system for the North West Department of Health in Bojanala, CIDB GRADING 6ME or higher",active,14654,10346811,ZAR,2024-03-31T00:00:00Z,2023-04-01T00:00:00Z,2024-03-31T00:00:00Z,365,ocds-9t57fa-28643,ocds-9t57fa-28643-2022-08-05T00:00:00Z
320,T80/2022,2022-09-16T07:37:12Z,PROVISION OF PROFESSIONAL CONSULTANT FOR THE APPOINTMENT PROCESS OF A MUNICIPAL MANAGER ,active,4594,44950,ZAR,2022-09-30T00:00:00Z,2022-09-14T00:00:00Z,2022-09-30T00:00:00Z,16,ocds-9t57fa-29322,ocds-9t57fa-29322-2022-08-12T00:00:00Z
964,COM046OF2022,2023-04-26T09:40:47Z,"COM 046 OF 2022: MAINTENANCE, REPAIR AND SERVICING OF COMPACTOR AND TRACK SYSTEM AT THE  GEORGE WASTE TRANSFER STATION ",active,11108,152950,ZAR,2023-06-30T00:00:00Z,2022-12-21T00:00:00Z,2023-06-30T00:00:00Z,191,ocds-9t57fa-30846,ocds-9t57fa-30846-2022-08-25T00:00:00Z
385,T90/2022,2022-10-17T07:17:52Z,SUPPLY AND INSTALLATION OF BOREHOLE PUMPS IN L’AGULHAS AND STRUISBAAI,active,5116,170489,ZAR,2022-11-25T00:00:00Z,2022-09-23T00:00:00Z,2022-11-25T00:00:00Z,63,ocds-9t57fa-30977,ocds-9t57fa-30977-2022-08-26T00:00:00Z
302,52700,2022-09-07T11:35:05Z,Appointment of a  Service Provider to Conduct a Quality Assurance Review of the Internal Audit Activity.,active,4322,278400,ZAR,2022-07-27T00:00:00Z,2022-07-27T00:00:00Z,2022-07-27T00:00:00Z,0,ocds-9t57fa-31629,ocds-9t57fa-31629-2022-07-22T00:00:00Z
460,53631,2022-10-31T12:05:42Z,PROCUREMENT OF MS TEAMS BOARDROOM AND INSTALLATION FOR ALL SALGA OFFICES.,active,5597,735160,ZAR,2022-09-28T00:00:00Z,2022-09-28T00:00:00Z,2022-09-28T00:00:00Z,0,ocds-9t57fa-35899,ocds-9t57fa-35899-2022-08-25T00:00:00Z
689,3100032125,2023-02-02T08:10:16Z,"Park Home Kosi Bay Border
",active,7971,169468,ZAR,2023-01-31T00:00:00Z,2022-09-09T00:00:00Z,2023-01-31T00:00:00Z,144,ocds-9t57fa-37717,ocds-9t57fa-37717-2022-07-01T00:00:00Z
2559,MKI02/2022,2024-11-07T12:04:06Z,Internal audit services ,pending,38002,686550,ZAR,2026-02-05T00:00:00Z,2023-02-06T00:00:00Z,2026-02-05T00:00:00Z,1095,ocds-9t57fa-38336,ocds-9t57fa-38336-2022-10-28T00:00:00Z
1001,4600003004,2023-05-30T13:31:10Z,Hardware & Software Maintenance & Support,pending,11895,4175210,ZAR,2026-02-19T00:00:00Z,2023-02-20T00:00:00Z,2026-02-19T00:00:00Z,1095,ocds-9t57fa-41992,ocds-9t57fa-41992-2022-11-25T00:00:00Z
1134,4600003027,2023-08-25T08:33:31Z,Security Services for Northern Cape,active,15498,5864379,ZAR,2026-07-31T00:00:00Z,2023-08-01T00:00:00Z,2026-07-31T00:00:00Z,1095,ocds-9t57fa-43272,ocds-9t57fa-43272-2022-12-09T00:00:00Z
787,ACDP 22/02,2023-02-21T12:58:38Z,"SUPPLY, DELIVERY, INSTALLATION AND MAINTENANCE OF HYGIENIC PRODUCTS FOR LIMPOPO DEPARTMENT OF AGRICULTURE AND RURAL DEVELOPMENT",pending,8562,454187,ZAR,2025-11-20T00:00:00Z,2022-11-21T00:00:00Z,2025-11-20T00:00:00Z,1095,ocds-9t57fa-47094,ocds-9t57fa-47094-2022-08-26T00:00:00Z
884,3600028690,2023-04-06T08:55:55Z,Supply Portable Water Limpopo,active,10306,180000,ZAR,2023-12-31T00:00:00Z,2022-12-09T00:00:00Z,2023-12-31T00:00:00Z,387,ocds-9t57fa-51374,ocds-9t57fa-51374-2022-11-25T00:00:00Z
120,BS/2021/CON695,2022-05-19T08:26:25Z,Appointment of a service provider to provide for Directors Liability and Public Liability insurance,active,2690,568200,ZAR,2025-05-31T00:00:00Z,2022-05-05T00:00:00Z,2025-05-31T00:00:00Z,1122,ocds-9t57fa-16676,ocds-9t57fa-16676-2022-02-04T00:00:00Z
1620,CSA-3187,2024-03-18T10:36:09Z,Ward 27: City Fleet Admin HQ: Replacement of roof structure,active,25157,163613,ZAR,2026-07-31T00:00:00Z,2023-06-01T00:00:00Z,2026-07-31T00:00:00Z,1156,ocds-9t57fa-19364,ocds-9t57fa-19364-2022-03-18T00:00:00Z
1895,1H-19314,2024-06-16T09:32:27Z,"	Construction of 19 40m² top structure units at Qiniselani Manyuswa Phase 1B RHP in Wards 2, 8 and 103",active,29602,2497340,ZAR,2026-10-13T00:00:00Z,2022-10-13T00:00:00Z,2026-10-13T00:00:00Z,1461,ocds-9t57fa-19908,ocds-9t57fa-19908-2022-04-01T00:00:00Z
201,COM009/2022,2022-07-19T12:09:23Z,"QUOTATION FOR THE SUPPLY, DELIVERY, INSTALLATION AND REPAIRS OF OUTDOOR EXERCISE EQUIPMENT AND STREET FURNITURE, AS AND WHEN REQUIRED, FOR A PERIOD OF ONE YEAR FROM DATE OF APPOINTMENT ",active,3301,187162,ZAR,2023-07-23T00:00:00Z,2022-07-19T00:00:00Z,2023-07-23T00:00:00Z,369,ocds-9t57fa-21219,ocds-9t57fa-21219-2022-05-05T00:00:00Z
662,CON025/2022/23,2023-01-26T08:23:49Z,THE APPOINTMENT OF A SERVICE PROVIDER FOR THE PROVISION OF NATIONAL AND INTERNATIONAL PERIODICALS FOR A PERIOD OF THREE (3) YEARS.,active,4997,2321471,ZAR,2025-12-05T00:00:00Z,2022-12-06T00:00:00Z,2025-12-05T00:00:00Z,1095,ocds-9t57fa-23052,ocds-9t57fa-23052-2022-06-03T00:00:00Z
602,COM055 OF 2022,2022-12-22T06:42:36Z,"COM055 OF 2022 :SUPPLY AND  DELIVERY OF  SOFTWARE EQUIPMENT FOR THE  UPGRADE OF  THE EXISTING CCTV CONTROL CENTRE

",active,6880,171224,ZAR,2023-06-30T00:00:00Z,2022-11-11T00:00:00Z,2023-06-30T00:00:00Z,231,ocds-9t57fa-34434,ocds-9t57fa-34434-2022-09-23T00:00:00Z
350,3100031798,2022-10-06T08:29:15Z,Destruction & disposal of confiscated clothing.,active,4962,280500,ZAR,2022-09-15T00:00:00Z,2022-07-29T00:00:00Z,2022-09-15T00:00:00Z,48,ocds-9t57fa-35780,ocds-9t57fa-35780-2022-06-24T00:00:00Z
363,OA4400004203,2022-10-11T08:34:59Z,Supply and install free standing water coolers and deliver water for a period of 24 months,active,5027,503217,ZAR,2023-07-31T00:00:00Z,2022-08-01T00:00:00Z,2023-07-31T00:00:00Z,364,ocds-9t57fa-36258,ocds-9t57fa-36258-2022-06-24T00:00:00Z
875,4400004308,2023-04-05T14:17:47Z,GN D2D general plumbing maintenance,active,10221,750000,ZAR,2024-01-31T00:00:00Z,2023-01-01T00:00:00Z,2024-01-31T00:00:00Z,395,ocds-9t57fa-51281,ocds-9t57fa-51281-2022-11-11T00:00:00Z
1532,12/FY/23,2024-02-22T12:20:26Z,PROVISION OF GAME CAPTURE SERVICES FOR A PERIOD OF THREE (3) YEARS WITH AN OPTION TO EXTEND FOR A FURTHER TWO (2) YEARS.,active,11372,3833921,ZAR,2026-08-31T00:00:00Z,2023-09-01T00:00:00Z,2026-08-31T00:00:00Z,1095,ocds-9t57fa-43831,ocds-9t57fa-43831-2022-12-15T00:00:00Z
3733,SCMU6-22/23-0002,2025-08-25T14:51:14Z,REPUTABLE SPECIALIST MANUFACTURES ARE REQUESTED TO PROVIDE MANUFACTURING AND DELIVERY OF ASSEMBLED SCHOOL FURNITURE  FOR ALL PIBLIC SCHOOLS IN THE EASTERN CAPE,active,52984,0,ZAR,2026-09-01T00:00:00Z,2023-09-01T00:00:00Z,2026-09-01T00:00:00Z,1096,ocds-9t57fa-119505,ocds-9t57fa-119505-2022-08-05T00:00:00Z
5034,SLA-0104,2026-04-17T12:44:01Z, APPOINTMENT OF A SERVICE PROVIDER(S) FOR THE PROVISION OF TRAVEL MANAGEMENT COMPANY TO THE NATIONAL TREASURY FOR A PERIOD OF THREE (3) YEARS,active,3091,0,ZAR,2025-08-09T00:00:00Z,2022-08-10T00:00:00Z,2025-08-09T00:00:00Z,1095,ocds-9t57fa-15390,ocds-9t57fa-15390-2022-01-21T00:00:00Z
46,06/07/2021,2022-03-15T13:07:11Z,RE-ADVERT - SUPPLY AND DELIVERY OF VEHICLE FOR CORPORATE SERVICES,active,1228,699999,ZAR,2022-03-31T00:00:00Z,2022-02-15T00:00:00Z,2022-03-31T00:00:00Z,44,ocds-9t57fa-15868,ocds-9t57fa-15868-2022-01-27T00:00:00Z
111,COM002/2022,2022-04-25T14:44:00Z,"RESTORATION OF EPWP BUILDING, GEORGE",active,2282,68302,ZAR,2022-06-30T00:00:00Z,2022-04-25T00:00:00Z,2022-06-30T00:00:00Z,66,ocds-9t57fa-18744,ocds-9t57fa-18744-2022-02-25T00:00:00Z
4722,CDC/200/22,2026-03-24T11:35:46Z,"COMPLETION OF UPGRADES AND ADDITIONS AT MERLEWOOD PRIMARY SCHOOL IN UGU DISTRICT, KWAZULU-NATAL
The CDC is inviting capable and competent Contractors with an active CIDB grading of 6GB or higher, potential emerging contractors with 5GB PE CIDB grading are not eligible to bid.  A non-compulsory briefing meeting for the project will be held at Merlewood Primary School, 3 Pine Street, Port Shepstone, Ugu District, KwaZulu-Natal on 13 May at 11h00. ",active,5642,14398311,ZAR,2026-03-13T00:00:00Z,2022-10-18T00:00:00Z,2026-03-13T00:00:00Z,1242,ocds-9t57fa-21297,ocds-9t57fa-21297-2022-05-06T00:00:00Z
1590,1i-3885,2024-03-16T11:24:02Z, Installation and maintenance of eThekwini Municipality traditional fiber infrastructure,active,25093,18128510,ZAR,2026-02-27T00:00:00Z,2023-02-15T00:00:00Z,2026-02-27T00:00:00Z,1108,ocds-9t57fa-23027,ocds-9t57fa-23027-2022-06-03T00:00:00Z
1588,11-3885,2024-03-16T11:17:22Z, Installation and maintenance of eThekwini Municipality traditional fiber infrastructure,active,25093,36126081,ZAR,2026-02-27T00:00:00Z,2023-02-15T00:00:00Z,2026-02-27T00:00:00Z,1108,ocds-9t57fa-23027,ocds-9t57fa-23027-2022-06-03T00:00:00Z
4801,LIM08-2022/2023,2026-03-26T16:04:20Z,RENDERING OF CLEANING AND HYGIENE SERVICES AT DEPARTMENT OF EMPLOYMENT AND LABOUR FOR A PERIOD OF 36 MONTHS  (WATERBERG CLUSTER),active,6633,2533318,ZAR,2026-01-31T00:00:00Z,2023-02-01T00:00:00Z,2026-01-31T00:00:00Z,1095,ocds-9t57fa-27984,ocds-9t57fa-27984-2022-07-29T00:00:00Z
4759,KZN05/2022,2026-03-24T15:56:31Z,36 MONTHS SECURITY SERVICES FOR ESTCOURT LABOUR CENTRE,active,17224,1175742,ZAR,2026-10-31T00:00:00Z,2023-11-01T00:00:00Z,2026-10-31T00:00:00Z,1095,ocds-9t57fa-29272,ocds-9t57fa-29272-2022-08-12T00:00:00Z
1324,SCMU3-22/23-0339-AL,2023-10-31T12:19:32Z,PROVISION OF GARDENING SERVICES AT VARIOUS ALFRED NZO DISTRICT HEALTH FACILITIES FOR A PERIOD OF 36 MONTHS,active,18724,2838000,ZAR,2026-07-31T00:00:00Z,2023-08-01T00:00:00Z,2026-07-31T00:00:00Z,1095,ocds-9t57fa-32571,ocds-9t57fa-32571-2022-09-09T00:00:00Z
2745,MS/2022/2023/022/951/C,2024-12-04T15:16:37Z,PANNEL OF SERVICE PROVIDERS FOR SECURITY SERVICES FOR 36 MONTHS CONTRACT,active,39501,1939888,ZAR,2026-06-30T00:00:00Z,2023-09-01T00:00:00Z,2026-06-30T00:00:00Z,1033,ocds-9t57fa-35068,ocds-9t57fa-35068-2022-09-30T00:00:00Z
2747,MS/2022/2023/022/951/C,2024-12-04T15:24:30Z,PANNEL OF SERVICE PROVIDERS FOR SECURITY SERVICES FOR 36 MONTHS CONTRACT,active,39501,1939888,ZAR,2026-06-30T00:00:00Z,2023-07-01T00:00:00Z,2026-06-30T00:00:00Z,1095,ocds-9t57fa-35068,ocds-9t57fa-35068-2022-09-30T00:00:00Z
2746,MS/2022/2023/022/951/C,2024-12-04T15:22:34Z,PANNEL OF SERVICE PROVIDERS FOR SECURITY SERVICES FOR 36 MONTHS CONTRACT,active,39502,1939888,ZAR,2026-06-30T00:00:00Z,2023-07-01T00:00:00Z,2026-06-30T00:00:00Z,1095,ocds-9t57fa-35068,ocds-9t57fa-35068-2022-09-30T00:00:00Z
645,BS/2022/CON476,2023-01-19T12:01:30Z,APPOINTMENT OF A SERVICE PROVIDER FOR PROVISION OF MANAGEMENT INFORMATION SYSTEM (MIS) FOR A PERIOD OF FIVE (5) YEARS ,active,7292,7930898,ZAR,2028-01-07T00:00:00Z,2023-01-06T00:00:00Z,2028-01-07T00:00:00Z,1827,ocds-9t57fa-35233,ocds-9t57fa-35233-2022-09-30T00:00:00Z
4774,CDC/615/22,2026-03-25T15:03:16Z,"CONSTRUCTION OF NEW CLIFFDALE SECONDARY SCHOOL IN PINETOWN DISTRICT, KWAZULU-NATAL - 7 GB OR HIGHER",active,11139,78242124,ZAR,2026-05-30T00:00:00Z,2023-04-03T00:00:00Z,2026-05-30T00:00:00Z,1153,ocds-9t57fa-37494,ocds-9t57fa-37494-2022-10-21T00:00:00Z
1824,SCMU3-22/23-0336-HO,2024-05-10T13:16:27Z,"REQUEST FOR SUPPLY, DELIVERY, INSTALL, COMMISSIONING, TRAINING AND MAINTANANCE OF COMPUTERISED TOMOGRAPHY SCAN (CT) AT LIVINGSTONE & FRERE HOSPITAL TETIARY HOSPITAL AND OTHER HOSPITALS IN THE EASTERN CAPE FOR A PERIOD OF 36 MONTHS",active,23676,50,ZAR,2026-07-04T00:00:00Z,2023-07-05T00:00:00Z,2026-07-04T00:00:00Z,1095,ocds-9t57fa-39079,ocds-9t57fa-39079-2022-11-04T00:00:00Z
762,T6/2023,2023-02-15T08:03:45Z,APPOINTMENT OF A PANEL OF SERVICE PROVIDERS FOR VARIOUS TRAINING PROGRAMMES FOR A PERIOD OF 3 YEARS,active,8262,183019,ZAR,2026-02-27T00:00:00Z,2023-03-01T00:00:00Z,2026-02-27T00:00:00Z,1094,ocds-9t57fa-39153,ocds-9t57fa-39153-2022-11-04T00:00:00Z
991,AI-457817,2023-05-19T09:00:38Z,APPOINTMENT OF A SERVICE PROVIDER TO MAINTAIN THE ELECTRONIC SECURITY SYSTEMS AT THE THUSONG SERVICE CENTRE WITHIN MAPONYA MALL FOR A PERIOD OF TWELVE (12) MONTHS.,active,9338,1946276,ZAR,2024-03-30T00:00:00Z,2023-05-08T00:00:00Z,2024-03-30T00:00:00Z,327,ocds-9t57fa-41905,ocds-9t57fa-41905-2022-11-25T00:00:00Z
4776,KZN18/2022,2026-03-25T15:23:47Z,36 MONTHS CLEANING SERVICES AT ULUNDI LABOUR CENTRE,active,27606,945000,ZAR,2027-03-31T00:00:00Z,2024-04-01T00:00:00Z,2027-03-31T00:00:00Z,1094,ocds-9t57fa-43184,ocds-9t57fa-43184-2022-12-09T00:00:00Z
1135,4600003029,2023-08-25T08:36:08Z,Security Services for North West,active,15501,5309523,ZAR,2026-07-31T00:00:00Z,2023-08-01T00:00:00Z,2026-07-31T00:00:00Z,1095,ocds-9t57fa-43273,ocds-9t57fa-43273-2022-12-09T00:00:00Z
2248,DTP01575,2024-09-13T07:22:52Z,Request for proposals for the construction of Block A refrigeration (cold room) located at Dube TradePort Corporation ,terminated,30873,23078768,ZAR,2025-03-31T00:00:00Z,2024-08-26T00:00:00Z,2025-03-31T00:00:00Z,217,ocds-9t57fa-43594,ocds-9t57fa-43594-2022-12-15T00:00:00Z
1454,ACDP 21/23,2024-01-17T12:05:11Z,"MANUFACTURE, SUPPLY AND INSTALL TEACHING BOARDS, LECTURE HALL OFFICE FURNITURE FOR MADZIVHANDILA COLLEGE IN THE THULAMELA LOCAL MUNICIPALITY IN VHEMBE DISTRICT OF LIMPOPO PROVINCE.",terminated,20547,4397600,ZAR,2024-02-05T00:00:00Z,2023-06-23T00:00:00Z,2024-02-05T00:00:00Z,227,ocds-9t57fa-43719,ocds-9t57fa-43719-2022-12-15T00:00:00Z
2267,P1/AUX/PC/10/23,2024-09-16T14:55:54Z,"SUPPLY; DELIVERY; COMMISSIONING & MAINTENANCE OF OFFICE AUTOMATION SOLUTION UTHUKELA DISTRICT OFFICE
",active,35280,411947,ZAR,2026-04-30T00:00:00Z,2023-05-01T00:00:00Z,2026-04-30T00:00:00Z,1095,ocds-9t57fa-102093,ocds-9t57fa-102093-2022-12-23T00:00:00Z
3180,WS-7560,2025-03-13T12:12:14Z,PROVISION OF NIGHT STREET CLEANING SERVICES IN TONGAATCENTRAL BUSINESS DISTRICT (CBD) FOR A PERIOD OF 36 MONTHS– WARD 61,active,44918,10574842,ZAR,0001-01-01T00:00:00Z,0001-01-01T00:00:00Z,0001-01-01T00:00:00Z,0,ocds-9t57fa-117192,ocds-9t57fa-117192-2022-10-07T00:00:00Z
486,T21/2022,2022-11-03T11:49:48Z,SUPPLY & DELIVERY OF BULK WATER METERS,active,1945,175145,ZAR,2022-06-30T00:00:00Z,2022-04-19T00:00:00Z,2022-06-30T00:00:00Z,72,ocds-9t57fa-16616,ocds-9t57fa-16616-2022-02-04T00:00:00Z
999,4600002961,2023-05-29T09:22:24Z,Tenable License Renewal,pending,11836,3225750,ZAR,2025-07-12T00:00:00Z,2022-07-13T00:00:00Z,2025-07-12T00:00:00Z,1095,ocds-9t57fa-18079,ocds-9t57fa-18079-2022-02-18T00:00:00Z
1737,TETA22/COO/0007/HOSTING SERVICES,2024-04-11T15:36:42Z,REQUEST FOR PROPOSALS FOR THE APPOINTMENT OF QUALIFIED AND  / OR ACCREDITATED ICT SERVICE PROVIDER TO PROVIDE HOSTING INFRASTRUCTURE SERVICES FOR THE TETA INFORMATION SYSTEMS FOR A PERIOD OF FIVE (5) YEARS.,active,3918,6988233,ZAR,2027-08-01T00:00:00Z,2022-08-02T00:00:00Z,2027-08-01T00:00:00Z,1825,ocds-9t57fa-22489,ocds-9t57fa-22489-2022-05-27T00:00:00Z
161,BS/2021/CONRFB740,2022-06-14T10:08:31Z,APPOINT A SUITABLY QUALIFIED SERVICE PROVIDER IN SOUTH AFRICA FOR THE SUPPLY AND DELIVERY OF 17 LAPTOPS AND MICE TO THE BANKSETA BUSINESS,active,3029,345644,ZAR,2022-02-04T00:00:00Z,2022-01-28T00:00:00Z,2022-02-04T00:00:00Z,7,ocds-9t57fa-23831,ocds-9t57fa-23831-2022-01-28T00:00:00Z
1579,1C-3033,2024-03-16T08:50:28Z," Maintenance, repair, conversion and expansion of CCTV software and hardware infrastructure for a period of 36 months ",active,25079,414032340,ZAR,2026-02-27T00:00:00Z,2023-03-01T00:00:00Z,2026-02-27T00:00:00Z,1094,ocds-9t57fa-26030,ocds-9t57fa-26030-2022-07-08T00:00:00Z
258,TE 74/2021,2022-08-19T13:51:24Z,"TENDER 74/2021: CONSTRUCTION AND RENOVATIONS- ROBERTSON TRAFFIC OFFICES, LANGEBERG MUNICIPALITY",active,3839,2054005,ZAR,2023-06-30T00:00:00Z,2022-04-12T00:00:00Z,2023-06-30T00:00:00Z,444,ocds-9t57fa-28540,ocds-9t57fa-28540-2022-02-11T00:00:00Z
540,BA034/2022,2022-11-21T14:34:49Z,"BA034/2022 – APPOINTMENT OF A SERVICE PROVIDER FOR THE SERVICING AND MAINTENANCE OF ELEVATORS IN THE GEORGE MUNICIPALITY’S MAIN BUILDING FOR A PERIOD OF ONE (1) YEAR, FROM DATE OF APPOINTMENT",active,6037,65274,ZAR,2023-11-16T00:00:00Z,2022-11-17T00:00:00Z,2023-11-16T00:00:00Z,364,ocds-9t57fa-28786,ocds-9t57fa-28786-2022-08-05T00:00:00Z
566,T102/2022,2022-12-05T12:43:23Z,CONSTRUCTION OF A NEW SKATEBOARD PARK IN BREDASDORP ANENE BOOYSEN PARK,active,6414,742626,ZAR,2023-02-28T00:00:00Z,2022-11-22T00:00:00Z,2023-02-28T00:00:00Z,98,ocds-9t57fa-31773,ocds-9t57fa-31773-2022-09-02T00:00:00Z
521,53291,2022-11-09T17:21:49Z,"SPECIFICATION FOR THE APPOINTMENT OF A SERVICE PROVIDER TO ASSIST SALGA WITH (1) EDITING AND PROOOFREADING, (2) PROOFREADING AND DIGITALISATION, (3) SCRIBING AND REPORT WRITING FOR X3 KNOWLEDGE REPORT.",active,5785,292940,ZAR,2022-09-03T00:00:00Z,2022-09-02T00:00:00Z,2022-09-03T00:00:00Z,1,ocds-9t57fa-38894,ocds-9t57fa-38894-2022-09-02T00:00:00Z
1002,4600002991,2023-05-31T13:10:31Z,"Quantum Backup, Maintenance and Support",pending,11507,17988362,ZAR,2026-03-19T00:00:00Z,2023-03-20T00:00:00Z,2026-03-19T00:00:00Z,1095,ocds-9t57fa-43227,ocds-9t57fa-43227-2022-12-09T00:00:00Z
600,PO3100032714,2022-12-15T13:25:22Z,"Supply and Installation of Complete Blinds Systems at Treson and Albany House, Durban",active,6763,621965,ZAR,2023-02-28T00:00:00Z,2022-12-15T00:00:00Z,2023-02-28T00:00:00Z,75,ocds-9t57fa-43843,ocds-9t57fa-43843-2022-12-02T00:00:00Z
806,ACDP 21/28,2023-03-01T09:24:43Z,A THREE YEAR FRAMEWORK AGREEMENT FOR THE DEVELOPMENT OF IRRIGATION PROJECTS OF 30 HECTARE AND LESS AND THE REPAIR AND MAINTENANCE OF EXISTING IRRIGATION SCHEME FOR THE LIMPOPO DEPARTMENT OF AGRICULTURE AND RURAL DEVELOPMENT,pending,8831,6003814,ZAR,2025-06-06T00:00:00Z,2022-06-07T00:00:00Z,2025-06-06T00:00:00Z,1095,ocds-9t57fa-47718,ocds-9t57fa-47718-2022-01-28T00:00:00Z
1676,59490,2024-04-02T11:53:55Z,Appointment of a service provider for the provision of Municipal assistance and support: Emfuleni Municipality,active,25796,149500,ZAR,2024-03-31T00:00:00Z,2023-11-15T00:00:00Z,2024-03-31T00:00:00Z,137,ocds-9t57fa-85274,ocds-9t57fa-85274-2022-10-28T00:00:00Z
348,BS/2022/CON1055,2022-10-05T09:23:56Z,APPOINTMENT OF A SERVICE PROVIDER FOR THE PROVISION OF CATERING SERVICES,active,4944,330000,ZAR,2023-08-14T00:00:00Z,2022-08-15T00:00:00Z,2023-08-14T00:00:00Z,364,ocds-9t57fa-35684,ocds-9t57fa-35684-2022-10-01T00:00:00Z
1272,NNRSCM-06-2022,2023-10-12T08:20:36Z,"APPOINTMENT OF A SERVICE PROVIDER TO PROVIDE MOBILE DATA, TABLETS AND CELLPHONE SERVICES TO THE NNR FOR A PERIOD OF SIX (6) YEARS. ",active,11754,2000000,ZAR,2027-07-31T00:00:00Z,2023-08-01T00:00:00Z,2027-07-31T00:00:00Z,1460,ocds-9t57fa-41851,ocds-9t57fa-41851-2022-11-25T00:00:00Z
621,54635,2023-01-13T12:04:23Z,SALGA Branded 2023 Calendars and Notebooks.,active,7126,127544,ZAR,2022-11-30T00:00:00Z,2022-11-29T00:00:00Z,2022-11-30T00:00:00Z,1,ocds-9t57fa-44461,ocds-9t57fa-44461-2022-11-18T00:00:00Z
939,HS012 OF 2022,2023-04-19T10:35:07Z,HS012OF 2022 :SUPPLY AND INSTALLATION OF RETAINER WALLS TO EXISTING PROPERTY ON VARIOUS ERVEN WITHIN THE GEORGE MUNICIPAL AREA ,active,10812,6442,ZAR,2023-06-30T00:00:00Z,2023-04-06T00:00:00Z,2023-06-30T00:00:00Z,85,ocds-9t57fa-52282,ocds-9t57fa-52282-2022-10-15T00:00:00Z
1516,ACDP 21/14,2024-02-08T10:04:23Z,"Supply, delivery and offloading of laptops for LDARD under SITA Contract 740",active,22019,6045200,ZAR,2023-09-23T00:00:00Z,2023-08-01T00:00:00Z,2023-09-23T00:00:00Z,53,ocds-9t57fa-79959,ocds-9t57fa-79959-2022-11-11T00:00:00Z
75,T5/2022,2022-04-04T12:27:01Z,FACILITATION OF STRATEGIC PLANNING SESSION AND DEVELOPMENT A FIVE- YEAR INSTITUTIONAL PLAN THAT WILL FORM THE BASIS OF A NEW 5TH GENERATION INTEGRATED DEVELOPMENT PLAN  ,active,1937,178710,ZAR,2022-04-30T00:00:00Z,2022-04-01T00:00:00Z,2022-04-30T00:00:00Z,29,ocds-9t57fa-15305,ocds-9t57fa-15305-2022-01-21T00:00:00Z
5155,PO00001437,2026-04-29T10:17:49Z,Systems Support & Maintenance of Cray HPC,active,68085,3284413,ZAR,2026-08-31T00:00:00Z,2022-06-08T00:00:00Z,2026-08-31T00:00:00Z,1545,ocds-9t57fa-154833,ocds-9t57fa-154833-2022-06-03T00:00:00Z
375,4600072557,2022-10-14T07:43:38Z,For the construction of the Continuous Ash Disposal Facility (ADF) extension (Phase 1) at Matimba Power Station.,active,4878,293418008,ZAR,2024-08-31T00:00:00Z,2022-10-03T00:00:00Z,2024-08-31T00:00:00Z,698,ocds-9t57fa-16474,ocds-9t57fa-16474-2022-02-04T00:00:00Z
376,4600072526,2022-10-14T08:04:08Z,For the construction of the ash dam 1 (AD1) and Rehabilitation Dam 1 (RD1) for the Continuous Ash Disposal Facility (ADF) (Phase 1) at Majuba Power Station.,active,4626,168275000,ZAR,2024-09-30T00:00:00Z,2022-10-03T00:00:00Z,2024-09-30T00:00:00Z,728,ocds-9t57fa-18629,ocds-9t57fa-18629-2022-02-25T00:00:00Z
1908,E-9745,2024-06-16T12:22:24Z,"Maintenance of 275kV, 132kV, 33kV, and 11kV high voltage substations circuit breakers for a 36-month period on an as and when required basis",active,29596,10000000,ZAR,2026-01-18T00:00:00Z,2023-01-18T00:00:00Z,2026-01-18T00:00:00Z,1096,ocds-9t57fa-19356,ocds-9t57fa-19356-2022-03-18T00:00:00Z
586,COM011/2022,2022-12-09T14:30:31Z,COM011/2022: APPOINTMENT OF A CONTRACTOR FOR GENERAL BUILDING MAINTENANCE WORK AT GEORGE MAIN LIBRARY,active,6616,102065,ZAR,2023-06-30T00:00:00Z,2022-11-28T00:00:00Z,2023-06-30T00:00:00Z,214,ocds-9t57fa-22124,ocds-9t57fa-22124-2022-05-20T00:00:00Z
665,CON023/2022/23,2023-01-26T09:03:57Z,THE APPOINTMENT OF A SERVICE PROVIDER FOR THE FACILITATION OF THE STRATEGIC PLANNING SESSIONS FOR A PERIOD OF THREE (3) YEARS.,active,5044,750000,ZAR,2025-10-30T00:00:00Z,2022-10-31T00:00:00Z,2025-10-30T00:00:00Z,1095,ocds-9t57fa-23065,ocds-9t57fa-23065-2022-06-03T00:00:00Z
349,CON016/2022/23,2022-10-06T08:27:56Z,"THE APPOINTMENT A SERVICE PROVIDER TO CONDUCT EX-ANTE ECONOMIC IMPACT ASSESSMENTS (PRICE AND MACROECONOMIC MODELS) OF TARIFF/PRICE INCREASE APPLICATIONS RECEIVED FROM ELECTRICITY, PIPED-GAS AND PETROLEUM PIPELINES LICENSEES FOR 5 YEARS.

",active,4441,2990000,ZAR,2027-09-22T00:00:00Z,2022-09-23T00:00:00Z,2027-09-22T00:00:00Z,1825,ocds-9t57fa-23618,ocds-9t57fa-23618-2022-06-10T00:00:00Z
4082,P1/AUX/CLN/01/23,2025-11-27T10:58:08Z,"APPOINTMENT OF A SERVICE PROVIDER TO PROVIDE CLEANING SERVICES AT HEAD OFFICE FOR THE DEPARTMENT OF ECONOMIC DEVELOPMENT, TOURISM AND ENVIRONMENTAL AFFAIRS FOR A PERIOD OF 36 MONTHS",active,7458,5687454,ZAR,2026-03-31T00:00:00Z,2023-04-01T00:00:00Z,2026-03-31T00:00:00Z,1095,ocds-9t57fa-24115,ocds-9t57fa-24115-2022-06-17T00:00:00Z
5339,13217/13223/13220/13216/13221/13218/13219/13222,2026-05-12T13:52:03Z,APPOINTMENT OF A PANEL OF SERVICE PROVIDERS FOR THE PROVISION OF RECRUITMENT SERVICES FOR A PERIOD OF FIVE YEARS,pending,7217,12000000,ZAR,2028-01-31T00:00:00Z,2023-01-01T00:00:00Z,2028-01-31T00:00:00Z,1856,ocds-9t57fa-27251,ocds-9t57fa-27251-2022-07-22T00:00:00Z
5060,SLA-0131,2026-04-20T07:11:22Z,NT013-2022: APPOINTMENT OF A SERVICE PROVIDER(S) FOR THE PRINITNG AND DISTRIBUTION OF EMBARGO RELATED INFORMATION FOR A PERIOD OF THREE (3) YEARS.,active,11815,6343885,ZAR,2026-08-08T00:00:00Z,2023-02-09T00:00:00Z,2026-08-08T00:00:00Z,1276,ocds-9t57fa-27966,ocds-9t57fa-27966-2022-07-29T00:00:00Z
626,SALGA/01/2022,2023-01-13T12:15:22Z,"APPOINTMENT OF A SERVICE PROVIDER TO ASSIST SALGA WITH THE FACILITATION OF THE TRAINING AND MENTORING OF RURAL ENTERPRISES BENEFICIARIES IN SELECTED MUNICIPALITIES  
",active,5820,10322000,ZAR,2024-11-11T00:00:00Z,2022-11-11T00:00:00Z,2024-11-11T00:00:00Z,731,ocds-9t57fa-28795,ocds-9t57fa-28795-2022-08-05T00:00:00Z
4778,KZN14/2022,2026-03-25T15:34:39Z,36 MONTHS CLEANING SERVICES FOR PORT SHEPSTONE LABOUR CENTRE,active,14201,701966,ZAR,2026-07-31T00:00:00Z,2023-08-01T00:00:00Z,2026-07-31T00:00:00Z,1095,ocds-9t57fa-29337,ocds-9t57fa-29337-2022-08-12T00:00:00Z
4900,4660015407,2026-03-31T19:02:21Z,TERMS OF REFERENCE FOR NETWORK SUPPORT AND MAINTERNANCE FOR THE GAUTENG DEPARTMENT OF ECONOMIC DEVELOPMENT ,pending,7323,2628534,ZAR,2026-05-30T00:00:00Z,2023-06-01T00:00:00Z,2026-05-30T00:00:00Z,1094,ocds-9t57fa-29515,ocds-9t57fa-29515-2022-08-26T00:00:00Z
597,VA49/751,2022-12-15T11:21:48Z,TERMS OF REFERENCE FOR THE APPOINTMENT OF A SERVICE PROVIDER TO CONDUCT A SKILLS AUDIT FOR THE DEPARTMENT OF HUMAN SETTLEMENTS FOR A PERIOD OF 6 MONTHS.,pending,6720,993600,ZAR,2023-06-12T00:00:00Z,2022-12-13T00:00:00Z,2023-06-12T00:00:00Z,181,ocds-9t57fa-31080,ocds-9t57fa-31080-2022-08-26T00:00:00Z
4762,CDC/454/22,2026-03-25T10:09:11Z,"UPGRADES AND ADDITIONS AT MCONJWANA HIGH SCHOOL IN UMGUMGUNDLOVU DISTRICT, KWAZULU-NATAL",active,8339,82879950,ZAR,2026-11-17T00:00:00Z,2023-03-01T00:00:00Z,2026-11-17T00:00:00Z,1357,ocds-9t57fa-34385,ocds-9t57fa-34385-2022-09-23T00:00:00Z
1616,1D-34371,2024-03-17T10:15:37Z,"64 Bhubesi Place, AA 388 Umlazi: Repair to streambank protection works - Ward 84",active,25128,1987056,ZAR,2024-07-19T00:00:00Z,2023-04-12T00:00:00Z,2024-07-19T00:00:00Z,464,ocds-9t57fa-35244,ocds-9t57fa-35244-2022-09-30T00:00:00Z
347,BS/2022/CON1075,2022-10-05T09:15:51Z,APPOINTMENT OF A SERVICE PROVIDER FOR THE RENTAL OF HOT AND COLD-WATER COOLERS,active,4938,80891,ZAR,2024-10-02T00:00:00Z,2022-10-03T00:00:00Z,2024-10-02T00:00:00Z,730,ocds-9t57fa-35663,ocds-9t57fa-35663-2022-10-01T00:00:00Z
1113,HEDP 002/22/23,2023-08-16T08:34:08Z,"SUPPLY, DELIVERY, INSTALLATION, ACCEPTANCE, COMMISSIONING AND MAINTENANCE OF RADIOLOGY
AND IMAGING EQUIPMENT IN THE DEPARTMENT OF HEALTH FOR THE PERIOD OF SIXTY (60) MONTHS.",active,13638,192671000,ZAR,2028-07-31T00:00:00Z,2023-08-01T00:00:00Z,2028-07-31T00:00:00Z,1826,ocds-9t57fa-39047,ocds-9t57fa-39047-2022-11-04T00:00:00Z
3742,17/FY/23,2025-08-27T11:11:05Z,"THE APPOINTMENT OF A SERVICE PROVIDER FOR THE SUPPLY, DELIVERY AND OFFLOADING OF STATIONERY FOR THE EASTERN CAPE PARKS AND TOURISM AGENCY FOR A PERIOD OF THREE (3) YEARS WITH AN OPTION TO EXTEND FOR A FURTHER PERIOD OF TWO (2) YEARS ON AN “AS AND WHEN” REQUIRED BASIS.

",active,11388,0,ZAR,2026-03-31T00:00:00Z,2023-04-03T00:00:00Z,2026-03-31T00:00:00Z,1093,ocds-9t57fa-39090,ocds-9t57fa-39090-2022-11-04T00:00:00Z
1108,SCMO-22/23/001,2023-08-08T12:15:08Z,APPOINTMENT OF SERVICE PROVIDERS FOR THE SUPPLY AND DELIVERY OF OFFICE STATIONERY FOR EASTERN CAPE GOVERNMENT FOR A PERIOD OF 36 MONTHS ,active,11485,239338,ZAR,2026-04-30T00:00:00Z,2023-05-01T00:00:00Z,2026-04-30T00:00:00Z,1095,ocds-9t57fa-39840,ocds-9t57fa-39840-2022-11-11T00:00:00Z
1275,NNRSCM-08-2022,2023-10-12T10:29:34Z,APPOINTMENT OF A SERVICE PROVIDER TO RENDER EMPLOYEE WELLNESS AND HEALTH PROGRAMME (EWHP) SERVICES TO THE NNR FOR A PERIOD OF THREE (3) YEARS,active,13522,292752,ZAR,2026-04-30T00:00:00Z,2023-05-01T00:00:00Z,2026-04-30T00:00:00Z,1095,ocds-9t57fa-41853,ocds-9t57fa-41853-2022-11-25T00:00:00Z
3992,LR-AGM-23-02,2025-11-07T14:06:03Z,APPOINTMENT OF A SERVICE PROVIDER TO RENDER EMPLOYEE WELLNESS AND HEALTH PROGRAMME (EWHP) SERVICES TO THE NNR FOR A PERIOD OF THREE (3) YEARS,active,11969,292752,ZAR,2026-04-30T00:00:00Z,2023-05-01T00:00:00Z,2026-04-30T00:00:00Z,1095,ocds-9t57fa-41853,ocds-9t57fa-41853-2022-11-25T00:00:00Z
4754,KZN17/2022,2026-03-24T15:26:54Z,36 MONTHS CLEANING SERVICE AT KOKSTAD LABOUR CENTRE,active,17251,1164265,ZAR,2026-09-30T00:00:00Z,2023-10-01T00:00:00Z,2026-09-30T00:00:00Z,1095,ocds-9t57fa-43182,ocds-9t57fa-43182-2022-12-09T00:00:00Z
1136,4600003030,2023-08-25T08:40:37Z,Security Services for Eastern Cape,active,15502,5506323,ZAR,2026-07-31T00:00:00Z,2023-08-01T00:00:00Z,2026-07-31T00:00:00Z,1095,ocds-9t57fa-43268,ocds-9t57fa-43268-2022-12-09T00:00:00Z
1166,4600003038,2023-09-05T13:30:49Z,Bid Primary Compliance Verification,active,16084,500000,ZAR,2026-06-18T00:00:00Z,2023-07-19T00:00:00Z,2026-06-18T00:00:00Z,1065,ocds-9t57fa-43812,ocds-9t57fa-43812-2022-12-15T00:00:00Z
1167,4600003037,2023-09-05T13:32:48Z,Bid Primary Compliance Verification,active,16080,500000,ZAR,2026-06-18T00:00:00Z,2023-07-19T00:00:00Z,2026-06-18T00:00:00Z,1065,ocds-9t57fa-43812,ocds-9t57fa-43812-2022-12-15T00:00:00Z
2261,P1/AUX/PC/05/23,2024-09-15T14:02:10Z,"SUPPLY; DELIVERY; COMMISSIONING & MAINTENANCE OF OFFICE AUTOMATION SOLUTION ULUNDI 
",active,35239,411947,ZAR,2026-04-30T00:00:00Z,2023-05-01T00:00:00Z,2026-04-30T00:00:00Z,1095,ocds-9t57fa-101992,ocds-9t57fa-101992-2022-12-23T00:00:00Z
2263,P1/AUX/PC/07/23,2024-09-15T14:18:03Z,"SUPPLY; DELIVERY; COMMISSIONING & MAINTENANCE OF OFFICE AUTOMATION SOLUTION CASCADES OFFICE
",active,35241,411947,ZAR,2026-04-30T00:00:00Z,2023-05-01T00:00:00Z,2026-04-30T00:00:00Z,1095,ocds-9t57fa-101994,ocds-9t57fa-101994-2022-12-23T00:00:00Z
2264,P1/AUX/PC/08/23,2024-09-15T14:29:52Z,"SUPPLY; DELIVERY; COMMISSIONING & MAINTENANCE OF OFFICE AUTOMATION SOLUTION UGU DISTRICT OFFICE
",active,35242,411947,ZAR,2026-04-30T00:00:00Z,2023-05-01T00:00:00Z,2026-04-30T00:00:00Z,1095,ocds-9t57fa-101995,ocds-9t57fa-101995-2022-12-23T00:00:00Z
2265,P1/AUX/PC/09/23,2024-09-15T14:36:28Z,"SUPPLY; DELIVERY; COMMISSIONING & MAINTENANCE OF OFFICE AUTOMATION SOLUTION UGU ENVIRO
",active,35243,411947,ZAR,2026-04-30T00:00:00Z,2023-05-01T00:00:00Z,2026-04-30T00:00:00Z,1095,ocds-9t57fa-101996,ocds-9t57fa-101996-2022-12-23T00:00:00Z
2292,P1/AUX/PC/04/23,2024-09-19T09:47:24Z,"SUPPLY; DELIVERY; COMMISSIONING & MAINTENANCE OF OFFICE AUTOMATION SOLUTION TOURISM OFFICE
",active,35593,411947,ZAR,2026-04-30T00:00:00Z,2023-05-01T00:00:00Z,2026-04-30T00:00:00Z,1095,ocds-9t57fa-102419,ocds-9t57fa-102419-2022-12-22T00:00:00Z
2291,P1/AUX/PC/03/23,2024-09-19T09:35:08Z,"SUPPLY; DELIVERY; COMMISSIONING & MAINTENANCE OF OFFICE AUTOMATION SOLUTION HOD OFFICE
",active,35591,411947,ZAR,2026-04-30T00:00:00Z,2023-05-01T00:00:00Z,2026-04-30T00:00:00Z,1095,ocds-9t57fa-102418,ocds-9t57fa-102418-2022-12-23T00:00:00Z
3177,P1/IT/SITA/05/23,2025-03-13T10:23:07Z,ANNEXURE W - GOVERMENT PRIVATE CLOUD HOSTING SERVICES,active,44909,6698463,ZAR,2025-03-31T00:00:00Z,2022-12-01T00:00:00Z,2025-03-31T00:00:00Z,851,ocds-9t57fa-117442,ocds-9t57fa-117442-2022-12-20T00:00:00Z
247,TE 06/2022,2022-08-15T17:26:54Z,"TENDER 06/2022: ELECTRIFICATION OF 172 FORMAL HOUSES AT NKQUBELA, ROBERTSON",active,3954,2857018,ZAR,2023-06-30T00:00:00Z,2022-04-12T00:00:00Z,2023-06-30T00:00:00Z,444,ocds-9t57fa-29610,ocds-9t57fa-29610-2022-02-25T00:00:00Z
1026,COM049/2022,2023-06-23T10:29:38Z,"COM049/2022: APPOINTMENT OF A CONTRACTOR FOR THE MANUFACTURING AND INSTALLATION OF FABRICATED 36-SEATER STEEL PAVILIONS AT THE OUTENIQUA PARK, TOUWSRANTEN AND THEMBALETHU SPORTS FIELDS",active,12824,1032599,ZAR,2023-09-30T00:00:00Z,2023-06-12T00:00:00Z,2023-09-30T00:00:00Z,110,ocds-9t57fa-43688,ocds-9t57fa-43688-2022-12-15T00:00:00Z
3157,011/2022/23,2025-03-07T15:32:23Z,LEASING OF OMPUTER EQUIPMENT FOR THE EASTERN CAPE LIQUOR BOARD FOR A PERIOD OF THREE YEARS,active,44612,1737108,ZAR,2026-02-28T00:00:00Z,2023-03-01T00:00:00Z,2026-02-28T00:00:00Z,1095,ocds-9t57fa-116953,ocds-9t57fa-116953-2022-10-07T00:00:00Z
3716,SCMU6-22/23-0008,2025-08-20T18:35:43Z,"REQUEST FOR PROPOSALS FROM SERVICE PROVIDERS IN THE FIELD OF CODING,SOFTWARE DESIGN AND PROGRAMMING TO PROVIDE CODING AND ROBOTICS PROGRAMME FOR GRADE 1-9 IN THE EASTERN CAPE DEPARTMENT OF EDUCATION ",active,45970,0,ZAR,2027-07-09T00:00:00Z,2024-07-10T00:00:00Z,2027-07-09T00:00:00Z,1094,ocds-9t57fa-119521,ocds-9t57fa-119521-2022-10-21T00:00:00Z
73,T16/2022,2022-04-04T12:23:44Z,UPGRADING OF STREETS IN NAPIER,active,1947,2542512,ZAR,2022-06-30T00:00:00Z,2022-04-01T00:00:00Z,2022-06-30T00:00:00Z,90,ocds-9t57fa-14789,ocds-9t57fa-14789-2022-01-14T00:00:00Z
733,P2/CO-OPS/01/22,2023-02-02T10:24:27Z,APPOINTMENT OF A SERVICE PROVIDER TO CONDUCT PRACTICAL TRAINING IN PLANT PRODUCTION. ,active,2062,696678,ZAR,2025-05-19T00:00:00Z,2022-05-20T00:00:00Z,2025-05-19T00:00:00Z,1095,ocds-9t57fa-15932,ocds-9t57fa-15932-2022-01-28T00:00:00Z
3880,WP11403,2025-10-19T11:52:34Z,APPOINTMENT OF A PROFESSIONAL SERVICE PROVIDER FOR THE FINALISATION OF THE BUSINESS CASE AND ESTABLISHMENT OF THE WATER REGULATOR,active,1948,6105925,ZAR,2025-05-19T00:00:00Z,2022-05-20T00:00:00Z,2025-05-19T00:00:00Z,1095,ocds-9t57fa-15987,ocds-9t57fa-15987-2022-01-28T00:00:00Z
76,T11/2022,2022-04-04T12:27:40Z,SUPPLY & ERECT OF FENCING AT THE TRAFFIC DEPARTMENT TEST YARD,active,1946,91586,ZAR,2022-06-30T00:00:00Z,2022-04-01T00:00:00Z,2022-06-30T00:00:00Z,90,ocds-9t57fa-16611,ocds-9t57fa-16611-2022-02-04T00:00:00Z
1902,1P-1349,2024-06-16T11:51:43Z,	Appointment of a panel of service providers for assisted burials and cremations of pauper/indigent persons for a period of 36 months,active,29610,2250000,ZAR,2025-11-29T00:00:00Z,2022-11-29T00:00:00Z,2025-11-29T00:00:00Z,1096,ocds-9t57fa-19914,ocds-9t57fa-19914-2022-04-01T00:00:00Z
220,COM005/2022,2022-07-29T12:34:48Z,INSTALLATION OF SECURITY FENCE AT BLANCO LIBRARY,active,3611,166200,ZAR,2023-06-30T00:00:00Z,2022-07-29T00:00:00Z,2023-06-30T00:00:00Z,336,ocds-9t57fa-20210,ocds-9t57fa-20210-2022-04-08T00:00:00Z
4161,NRF CORP COMM,2025-12-18T13:23:51Z,Appointment of a service provider for event management of the annual NRF awards function for a period of three (3) years (2022 – 2024),terminated,3870,1000000,ZAR,2026-09-24T00:00:00Z,2025-12-01T00:00:00Z,2026-09-24T00:00:00Z,297,ocds-9t57fa-20677,ocds-9t57fa-20677-2022-04-22T00:00:00Z
124,VAR 01/2022,2022-05-20T10:53:15Z,Request an expansion and/or variation of the lease agreement entered between SARS and Vividend Income Fund in accordance with the National Treasury Instruction SCM Note 3 of 2016/2017 for Trescon House for a period of five (5) years commencing on 01 May 2022 to 30 April 2027 at a financial implication of R206 923 758 including VAT and a zero escalation rate.,active,2602,206923758,ZAR,2027-04-30T00:00:00Z,2022-05-01T00:00:00Z,2027-04-30T00:00:00Z,1825,ocds-9t57fa-21543,ocds-9t57fa-21543-2022-04-14T00:00:00Z
351,CON017/2022/23,2022-10-06T08:33:11Z,THE APPOINTMENT OF A SERVICE PROVIDER TO ASSIST NERSA TO IDENTIFY MEASURES TO IMPROVE COMPETITION IN THE SOUTH AFRICAN GAS INDUSTRY TO FACILITATE INVESTMENTS AND ACHIEVE SECURITY OF SUPPLY FOR A PERIOD OF EIGHT MONTHS.,active,4440,1183350,ZAR,2023-05-26T00:00:00Z,2022-09-27T00:00:00Z,2023-05-26T00:00:00Z,241,ocds-9t57fa-23062,ocds-9t57fa-23062-2022-06-03T00:00:00Z
162,BS/2021/CONRFB740-1,2022-06-14T10:14:30Z,APPOINT A SUITABLY QUALIFIED SERVICE PROVIDER IN SOUTH AFRICA FOR THE SUPPLY AND DELIVERY OF 30 LAPTOPS AND MICE TO THE BANKSETA BUSINESS,active,3030,733849,ZAR,2022-03-31T00:00:00Z,2022-03-30T00:00:00Z,2022-03-31T00:00:00Z,1,ocds-9t57fa-23833,ocds-9t57fa-23833-2022-01-28T00:00:00Z
321,T81/2022,2022-09-16T07:40:41Z,UPGRADING OF SUIDERSTRAND ROAD: PHASE 2,active,4597,4257168,ZAR,2022-12-15T00:00:00Z,2022-09-19T00:00:00Z,2022-12-15T00:00:00Z,87,ocds-9t57fa-24143,ocds-9t57fa-24143-2022-06-17T00:00:00Z
190,3100031619,2022-07-07T10:44:29Z,Supply and deliver electrical light box signage,active,3337,257000,ZAR,2022-07-29T00:00:00Z,2022-06-20T00:00:00Z,2022-07-29T00:00:00Z,39,ocds-9t57fa-25821,ocds-9t57fa-25821-2022-06-03T00:00:00Z
1293,NNRSCM-03-2022,2023-10-20T08:12:59Z,APPOINTMENT OF SERVICE PROVIDER FOR THE PROVISION OF SHORT TERM BUSINESS INSURANCE SERVICES FOR A PERIOD OF THREE (3) YEARS.,active,5943,1246197,ZAR,2025-11-30T00:00:00Z,2022-12-01T00:00:00Z,2025-11-30T00:00:00Z,1095,ocds-9t57fa-25954,ocds-9t57fa-25954-2022-07-08T00:00:00Z
2418,UGU-07-1613-2022,2024-10-14T12:38:22Z,THE IMPLEMANTATION OF WATER SERVICES INFRASTRUCTURE GRANT (WSIG) FUNDED PROGRAMME WITHIN UGU DISTRICT MUNICIPALITY FOR A PERIOD OF THIRTY-SIX (36) MONTHS,active,36647,126065396,ZAR,2026-01-30T00:00:00Z,2023-01-27T00:00:00Z,2026-01-30T00:00:00Z,1099,ocds-9t57fa-26512,ocds-9t57fa-26512-2022-07-15T00:00:00Z
2417,UGU-05-1610-2022,2024-10-14T12:16:14Z,PROVISION OF VEHICLE MONITORING SYSTEM FOR A PERIOD OF THIRTY-SIX (36) MONTHS,active,36644,805,ZAR,2025-04-30T00:00:00Z,2022-12-05T00:00:00Z,2025-04-30T00:00:00Z,877,ocds-9t57fa-26538,ocds-9t57fa-26538-2022-07-15T00:00:00Z
308,T70/2022,2022-09-09T09:47:43Z,"SUPPLY, DELIVERY & INSTALLATION OF OUTDOOR GYM EQUIPMENT IN FLETCHER STREET, BREDASDORP AREA",active,4427,135500,ZAR,2022-10-14T00:00:00Z,2022-09-06T00:00:00Z,2022-10-14T00:00:00Z,38,ocds-9t57fa-26594,ocds-9t57fa-26594-2022-07-15T00:00:00Z
2949,DARD 04/2022,2025-01-28T09:15:55Z,the Appointment of a Service Provider to Upgrade the Phumelela Irrigation Project at Pongola,active,41501,6354127,ZAR,2025-07-10T00:00:00Z,2024-06-10T00:00:00Z,2025-07-10T00:00:00Z,395,ocds-9t57fa-29277,ocds-9t57fa-29277-2022-08-12T00:00:00Z
510,COM 044 OF 2022,2022-11-07T07:04:30Z,COM 044 OF 2022 - SUPPLY AND  DELIVERY  OF SECOND-HAND STEEL  STORAGE CONTAINERS  ,active,5720,174000,ZAR,2023-06-30T00:00:00Z,2022-10-19T00:00:00Z,2023-06-30T00:00:00Z,254,ocds-9t57fa-30822,ocds-9t57fa-30822-2022-08-25T00:00:00Z
1292,NNRSCM-04-2022,2023-10-20T08:01:28Z,APPOINTMENT OF A SERVICE PROVIDER FOR THE PROVISION OF SHAREPOINT AND NINTEX SUPPORT SERVICES FOR PERIOD OF THREE (3) YEARS,active,13525,4381242,ZAR,2026-12-31T00:00:00Z,2023-01-01T00:00:00Z,2026-12-31T00:00:00Z,1460,ocds-9t57fa-32007,ocds-9t57fa-32007-2022-09-02T00:00:00Z
609,T111/2022,2023-01-10T12:19:13Z,MAINTENANCE CONTRACT OF MECHANICAL AND ELECTRICAL EQUIPMENT FOR WATER AND SANITATION INFRASTRUCTURE AT CAPE AGULHAS MUNICIPALITY FOR PERIOD ENDING 30 OCTOBER 2025,active,7061,6664250,ZAR,2025-12-30T00:00:00Z,2023-01-03T00:00:00Z,2025-12-30T00:00:00Z,1092,ocds-9t57fa-33492,ocds-9t57fa-33492-2022-09-16T00:00:00Z
345,3100032065,2022-10-04T15:10:31Z,"GROUND PREP AND PAVING
31.08.2022

Ground Prep & Paving Kosi Bay",active,4931,677836,ZAR,2023-03-31T00:00:00Z,2022-08-26T00:00:00Z,2023-03-31T00:00:00Z,217,ocds-9t57fa-35617,ocds-9t57fa-35617-2022-07-15T00:00:00Z
457,52472,2022-10-31T11:19:09Z,"PROCUREMENT OF LAPTOPS FOR SALGA KZN, NC AND GAUTENG.",active,5595,671887,ZAR,2022-06-30T00:00:00Z,2022-06-30T00:00:00Z,2022-06-30T00:00:00Z,0,ocds-9t57fa-35897,ocds-9t57fa-35897-2022-06-17T00:00:00Z
439,53432,2022-10-25T11:07:29Z,Recruitment Services via Recruitment Agencies,active,5450,108000,ZAR,2022-10-25T00:00:00Z,2022-04-01T00:00:00Z,2022-10-25T00:00:00Z,207,ocds-9t57fa-37904,ocds-9t57fa-37904-2022-03-11T00:00:00Z
465,3100032295,2022-10-31T18:44:14Z,"DESTRUCTION AND DISPOSAL OF GOODS, JHB WAREHOUSE",active,5605,219285,ZAR,2022-11-30T00:00:00Z,2022-10-12T00:00:00Z,2022-11-30T00:00:00Z,49,ocds-9t57fa-38563,ocds-9t57fa-38563-2022-08-26T00:00:00Z
1084,LTA005-22/23,2023-07-25T06:44:02Z,Appointment of a Panel of Travel Agencies to provide travel management services to Limpopo Tourism Agency (LTA) for a period of three (3) years,active,9141,3000000,ZAR,2026-03-09T00:00:00Z,2023-03-10T00:00:00Z,2026-03-09T00:00:00Z,1095,ocds-9t57fa-42548,ocds-9t57fa-42548-2022-12-02T00:00:00Z
1006,4600002998,2023-06-09T09:03:03Z, DR Network Load Balancers Upgrade,pending,10912,4574148,ZAR,2026-02-28T00:00:00Z,2023-03-01T00:00:00Z,2026-02-28T00:00:00Z,1095,ocds-9t57fa-43230,ocds-9t57fa-43230-2022-12-09T00:00:00Z
635,54700,2023-01-17T08:53:48Z,"Request for Quotations for the Development Of Salga’s Comments In Response To Section 42 Of The Municipal Finance Management Act 56, 2003, Bulk Water Tariff Increase For The Financial Year 2023/2024",active,7148,499999,ZAR,2023-06-30T00:00:00Z,2022-12-01T00:00:00Z,2023-06-30T00:00:00Z,211,ocds-9t57fa-44463,ocds-9t57fa-44463-2022-11-11T00:00:00Z
911,3100032402,2023-04-16T12:07:44Z,Supply and install Window Blinds,active,10588,132127,ZAR,2023-01-31T00:00:00Z,2022-11-01T00:00:00Z,2023-01-31T00:00:00Z,91,ocds-9t57fa-51960,ocds-9t57fa-51960-2022-10-07T00:00:00Z
2073,OTP-029/10/2033,2024-07-29T09:42:38Z,APPOINTMENT OF A SERVICE PROVIDER FOR RENTAL SERVICE AND REPAIR OF WATER DISPENSERS FOR THE OFFICE OF THE PREMIER,active,31607,490700,ZAR,2024-12-07T00:00:00Z,2022-12-08T00:00:00Z,2024-12-07T00:00:00Z,730,ocds-9t57fa-95659,ocds-9t57fa-95659-2022-10-07T00:00:00Z
176,ENG005 OF 2022,2022-06-22T12:47:02Z,ENG005 OF 2022 OHS LOAD CHECKING FOR LOAD BEARING EQUIPMENT.,active,3119,15977,ZAR,2023-06-01T00:00:00Z,2022-06-02T00:00:00Z,2023-06-01T00:00:00Z,364,ocds-9t57fa-20435,ocds-9t57fa-20435-2022-04-14T00:00:00Z
4339,DHA08-2022,2026-02-09T10:25:43Z,"The appointment of a professional service provider to design, built and supply virtual interactive self-service machines (KIOSK) to host live capture system for the application, processing and collection of smart ID cards and passports for  a period of three (3) years , with an option to renew for additional two (2) subject to availability of funds and satisfactory services. ",active,6738,6276430,ZAR,2026-03-09T00:00:00Z,2023-03-10T00:00:00Z,2026-03-09T00:00:00Z,1095,ocds-9t57fa-23020,ocds-9t57fa-23020-2022-06-03T00:00:00Z
498,T98/2022,2022-11-03T12:36:46Z,AUCTIONEERING SERVICES FOR A PERIOD OF 3 YEARS,active,5688,500,ZAR,2025-11-06T00:00:00Z,2022-11-07T00:00:00Z,2025-11-06T00:00:00Z,1095,ocds-9t57fa-29324,ocds-9t57fa-29324-2022-08-12T00:00:00Z
611,T108/2022,2023-01-10T12:23:41Z,"SUPPLY, DELIVERY, INSTALL & COMMISSION OF GENERATORS FOR CAPE AGULHAS MUNICIPALITY.",active,7060,871475,ZAR,2023-03-03T00:00:00Z,2023-01-03T00:00:00Z,2023-03-03T00:00:00Z,59,ocds-9t57fa-35855,ocds-9t57fa-35855-2022-10-13T00:00:00Z
4280,4600001614,2026-01-30T10:56:13Z,"SUPPLY ,DELIVERY AND INSTALLATION OF PERIMETER FENCE AT HLUHLUWE IMFOLOZIPARK",active,7250,7534084,ZAR,2026-03-31T00:00:00Z,2023-03-01T00:00:00Z,2026-03-31T00:00:00Z,1126,ocds-9t57fa-37587,ocds-9t57fa-37587-2022-10-21T00:00:00Z
535,3100032507,2022-11-21T08:26:18Z,"REQUEST FOR QUOTATIONS-ENERGY AUDIT, ISSUING AND PUBLICATION OF ENERGY PERFORMANCE CERTIFICATES: ALBERTON",active,6040,276000,ZAR,2023-02-15T00:00:00Z,2022-11-15T00:00:00Z,2023-02-15T00:00:00Z,92,ocds-9t57fa-41243,ocds-9t57fa-41243-2022-10-07T00:00:00Z
573,3100032566,2022-12-06T08:55:15Z,SUPPLY AND DELIVER CEILING TILES: PRETORIA,active,6494,110764,ZAR,2023-01-31T00:00:00Z,2022-11-25T00:00:00Z,2023-01-31T00:00:00Z,67,ocds-9t57fa-42748,ocds-9t57fa-42748-2022-11-11T00:00:00Z
785,ACDP 21/19,2023-02-21T08:02:36Z,"THE DESIGN, SUPPLY, INSTALLATION AND MAINTENANCE OF A STANDBY GENERATORAND UNINTERRUPTIBLE POWER SUPPLY (UPS) UNITS AT AGRIVILLAGE 1 AND 2 FOR THE LIMPOPO DEPARTMENT OF AGRICULTURE AND RURAL DEVELOPMENT",pending,8543,4647907,ZAR,2025-07-25T00:00:00Z,2022-07-26T00:00:00Z,2025-07-25T00:00:00Z,1095,ocds-9t57fa-47029,ocds-9t57fa-47029-2022-01-21T00:00:00Z
1035,3100031785,2023-06-28T11:16:35Z,6000018328 SUPPLY ENVIRNOMENT ARCHITECT: BROOKLYN,active,12962,499841,ZAR,2024-03-25T00:00:00Z,2022-07-01T00:00:00Z,2024-03-25T00:00:00Z,633,ocds-9t57fa-52931,ocds-9t57fa-52931-2022-05-07T00:00:00Z
473,T23/2022,2022-11-03T08:47:07Z,"SUPPLY, DELIVERY AND INSTALLATION OF JUNGLE GYM AT ANENE BOOYSEN PARK",active,2584,77819,ZAR,2022-06-30T00:00:00Z,2022-04-25T00:00:00Z,2022-06-30T00:00:00Z,66,ocds-9t57fa-18562,ocds-9t57fa-18562-2022-02-24T00:00:00Z
2266,ZNB 0127E/2022/2023,2024-09-16T10:34:50Z,"MANUFACTURE, SUPPLY AND DELIVERY OF SANITARY TOWELS AND DISPOSAL ITEMS FOR GIRLS IN SCHOOL AS AND WHEN REQUIRED FOR ALL DISTRICTS UNDER THE DEPARTMENT OF EDUCATION FOR A PERIOD OF THIRTY-SIX (36) MONTHS WITH AN OPTION TO RENEW FOR A FURTHER TWENTY-FOUR (24) MONTHS ",active,35264,628,ZAR,2025-09-16T00:00:00Z,2022-10-17T00:00:00Z,2025-09-16T00:00:00Z,1065,ocds-9t57fa-102020,ocds-9t57fa-102020-2022-06-17T00:00:00Z
2393,ZNB 0127E/2022/2023,2024-10-09T11:11:48Z,"MANUFACTURE, SUPPLY AND DELIVERY OF SANITARY TOWELS AND DISPOSAL ITEMS FOR GIRLS IN SCHOOL AS AND WHEN REQUIRED FOR ALL DISTRICTS UNDER THE DEPARTMENT OF EDUCATION FOR A PERIOD OF THIRTY-SIX (36) MONTHS WITH AN OPTION TO RENEW FOR A FURTHER TWENTY-FOUR (24) MONTHS ",active,35264,1000000,ZAR,2025-09-16T00:00:00Z,2022-10-17T00:00:00Z,2025-09-16T00:00:00Z,1065,ocds-9t57fa-102020,ocds-9t57fa-102020-2022-06-17T00:00:00Z
70,T12/2022,2022-04-04T12:20:16Z,SUPPLY & DELIVERY OF SELF-PRIMING PUMP,active,1939,775779,ZAR,2022-06-30T00:00:00Z,2022-04-01T00:00:00Z,2022-06-30T00:00:00Z,90,ocds-9t57fa-15301,ocds-9t57fa-15301-2022-01-21T00:00:00Z
299,VA49/748,2022-09-07T06:42:02Z,"TERMS OF REFERENCE FOR THE PROCUREMENT, INSTALLATION AND MAINTENANCE OF A TELECOMMUNICATION SOLUTION (TELEPHONE SYSTEM (PABX), TELEPHONE MANAGEMENT SYSTEM (TMS) AND ALL OTHER RELATED TELEPHONE EQUIPMENT) FOR THE DEPARTMENTAL BUILDINGS (240/260 JMS) FOR A PERIOD OF THIRTY SIX (36) MONTHS",active,4318,6029848,ZAR,2025-05-17T00:00:00Z,2022-05-18T00:00:00Z,2025-05-17T00:00:00Z,1095,ocds-9t57fa-16577,ocds-9t57fa-16577-2022-02-04T00:00:00Z
769,B/SM 58/22,2023-02-15T08:56:29Z,"TENDER FOR BSM 58/22: THE PROVISION OF DEBTOR MANAGEMENT SOFTWARE AND ADMINISTRATIVE SUPPORT TO STELLENBOSCH MUNICIPALITY, FOR A CONTRACT PERIOD ENDING 30 JUNE 2024
",active,3742,9999999,ZAR,2024-06-30T00:00:00Z,2022-07-01T00:00:00Z,2024-06-30T00:00:00Z,730,ocds-9t57fa-20709,ocds-9t57fa-20709-2022-04-22T00:00:00Z
4783,CDC/27/22,2026-03-26T12:32:20Z,"PHASE 2: SMART REVITALISATION OF DIHLABENG REGIONAL HOSPITAL 

It is estimated that tenderers must have a CIDB Contractor Grading designation of 9GB. Emerging contractors with a CIDB Contractor grading designation of 8GBPE are not eligible to make submissions and will not be considered.",active,9730,758250195,ZAR,2028-06-21T00:00:00Z,2023-03-20T00:00:00Z,2028-06-21T00:00:00Z,1920,ocds-9t57fa-21628,ocds-9t57fa-21628-2022-05-13T00:00:00Z
4093,GPAA 04/2022,2025-12-01T15:03:40Z,"Request for proposals (RFP) for back scanning of members and pensioners files, Indexing of scanned members/pensioners files and documents, destruction of scanned documents and files for a period of 36 months. ",pending,11169,24750000,ZAR,2026-05-31T00:00:00Z,2023-06-01T00:00:00Z,2026-05-31T00:00:00Z,1095,ocds-9t57fa-23036,ocds-9t57fa-23036-2022-06-03T00:00:00Z
399,RSR-TM ARSC/IRSC 2022-01,2022-10-18T14:11:13Z,APPOINTMENT OF A SERVICE PROVIDER TO FACILITATE AND MANAGE THE ANNUAL RAIL SAFETY CONFERENCE 2022 & INTERNATIONAL RAIL SAFETY COUNCIL 2023 FOR THE RAILWAY SAFETY REGULATOR,active,4194,3856930,ZAR,2023-10-31T00:00:00Z,2022-09-01T00:00:00Z,2023-10-31T00:00:00Z,425,ocds-9t57fa-25357,ocds-9t57fa-25357-2022-07-01T00:00:00Z
5353,SCMU3-22/23-0228-NMM,2026-05-13T12:24:56Z,"Multi-discipline environment professional services in consortium required for the infrastructure improvements, alterations and additions (including the use of alternate building technologies) at health care facilities in BCM Health Sub District – East London",active,68601,5490181,ZAR,2026-02-06T00:00:00Z,2023-02-07T00:00:00Z,2026-02-06T00:00:00Z,1095,ocds-9t57fa-27552,ocds-9t57fa-27552-2022-07-29T00:00:00Z
4802,LIM09-2022/2023,2026-03-26T16:08:06Z,RENDERING OF CLEANING AND HYGIENE SERVICES AT DEPARTMENT OF EMPLOYMENT AND LABOUR FOR A PERIOD OF 36 MONTHS  (MOPANI CLUSTER),active,6635,1417684,ZAR,2026-01-31T00:00:00Z,2023-02-01T00:00:00Z,2026-01-31T00:00:00Z,1095,ocds-9t57fa-27986,ocds-9t57fa-27986-2022-07-29T00:00:00Z
4766,KZN09/2022,2026-03-25T13:57:02Z,36 MONTHS CLEANING SERVICES FOR VRYHEID LABOUR CENTRE,active,17249,609488,ZAR,2026-11-30T00:00:00Z,2023-12-01T00:00:00Z,2026-11-30T00:00:00Z,1095,ocds-9t57fa-29319,ocds-9t57fa-29319-2022-08-12T00:00:00Z
4899,4660015487,2026-03-31T18:59:23Z,"TERMS OF REFERENCE FOR SUPPLY AND INSTALLATION OF   TOUCHLESS ACCESS CONTROL AND THERMAL SCREENING SYSTEM, REPAIR, REPLACEMENT AND MAINTENANCE OF GDED SURVEILLANCE CAMERAS ",pending,7324,9666849,ZAR,2026-03-31T00:00:00Z,2023-04-01T00:00:00Z,2026-03-31T00:00:00Z,1095,ocds-9t57fa-29918,ocds-9t57fa-29918-2022-08-26T00:00:00Z
869,CON028/2022/23,2023-04-05T05:00:47Z,"THE APPOINTMENT OF A SERVICE PROVIDER FOR THE DEPLOYMENT OF MICROSOFT SYSTEM CENTER CONFIGURATION MANAGER (SCCM) 2019 FOR A PERIOD OF THREE (3) MONTHS 

",active,6790,699660,ZAR,2023-05-07T00:00:00Z,2023-02-08T00:00:00Z,2023-05-07T00:00:00Z,88,ocds-9t57fa-31104,ocds-9t57fa-31104-2022-08-26T00:00:00Z
4697,CDC/120/22,2026-03-23T11:31:55Z,PROVISION OF A TECHNOLOGICAL-BASED SECURITY INFRASTRUCTURE SERVICES FOR COEGA DEVELOPMENT CORPORATION,active,8210,31050000,ZAR,2026-07-02T00:00:00Z,2022-12-02T00:00:00Z,2026-07-02T00:00:00Z,1308,ocds-9t57fa-31839,ocds-9t57fa-31839-2022-09-02T00:00:00Z
4764,CDC/559/22,2026-03-25T12:49:29Z,"CONSTRUCTION OF THEMBALETHU SENIOR SECONDARY SCHOOL IN HARRY GWALA DISTRICT, KWAZULU-NATAL - 8 GB OR HIGHER",active,9719,80481993,ZAR,2026-08-16T00:00:00Z,2023-08-29T00:00:00Z,2026-08-16T00:00:00Z,1083,ocds-9t57fa-37495,ocds-9t57fa-37495-2022-10-21T00:00:00Z
811,BS/2022/CON466,2023-03-09T10:50:50Z,"THE APPOINTMENT OF A SERVICE PROVIDER TO FACILITATE CAPACITY BUILDING WORKSHOPS FOR UNEMPLOYED TEACHERS AND LIFE ORIENTATION TEACHERS TO BE TRAINED AS CAREER DEVELOPMENT/GUIDANCE PRACTIONERS, CONDUCT WORKSHOPS AND PRODUCTION OF TRAINING MATERIAL",active,9078,1221000,ZAR,2025-02-28T00:00:00Z,2023-03-06T00:00:00Z,2025-02-28T00:00:00Z,725,ocds-9t57fa-38334,ocds-9t57fa-38334-2022-10-28T00:00:00Z
1335,SCMU3-22/23-0401-HO,2023-11-06T13:04:25Z,"Distribution of Containers to the Clinics and Community Health Centres, the Collection of waste from Clinics and Community Health Centres to the Central collection points for 36 months",pending,19015,4005388,ZAR,2026-06-30T00:00:00Z,2023-07-01T00:00:00Z,2026-06-30T00:00:00Z,1095,ocds-9t57fa-38376,ocds-9t57fa-38376-2022-10-28T00:00:00Z
1337,SCMU3-22/23-0401-HO,2023-11-07T09:56:52Z,"Distribution of Containers to the Clinics and Community Health Centres, the Collection of waste from Clinics and Community Health Centres to the Central collection points for 36 months",active,19016,6781439,ZAR,2026-06-30T00:00:00Z,2023-07-01T00:00:00Z,2026-06-30T00:00:00Z,1095,ocds-9t57fa-38376,ocds-9t57fa-38376-2022-10-28T00:00:00Z
2596,SCMU15-22/23-002,2024-11-12T13:06:45Z,Provision of cleaning and hygienic services to the Department of Community Safety for a period of thirty six (36) months,active,12938,2140268,ZAR,2025-12-31T00:00:00Z,2023-01-01T00:00:00Z,2025-12-31T00:00:00Z,1095,ocds-9t57fa-39053,ocds-9t57fa-39053-2022-11-04T00:00:00Z
765,T10/2023,2023-02-15T08:28:20Z,"APPOINTMENT OF A TRAVEL AGENCY FOR A PERIOD OF THREE YEARS
",active,8272,66125,ZAR,2026-02-27T00:00:00Z,2023-03-01T00:00:00Z,2026-02-27T00:00:00Z,1094,ocds-9t57fa-40056,ocds-9t57fa-40056-2022-11-11T00:00:00Z
5273,G440/2022,2026-05-09T14:23:59Z,THE APPOINTMENT OF A SERVICE PROVIDER TO PROVIDE SECURITY GUARDING SERVICES FOR THE SOUTH AFRICAN NATIONAL BIODIVERSITY INSTITUTE (SANBI) AT THE MOKOPANE BIODIVERSITY CONSERVATION CENTRE (MBCC) FOR A PERIOD OF FIVE (5) YEARS.,pending,12107,6464049,ZAR,2028-03-31T00:00:00Z,2023-04-01T00:00:00Z,2028-03-31T00:00:00Z,1826,ocds-9t57fa-41175,ocds-9t57fa-41175-2022-11-18T00:00:00Z
1291,NNRSCM-07-2022,2023-10-20T07:34:10Z,"APPOINTMENT OF A SERVICE PROVIDER TO SUPPLY, DELIVER, INSTALL, CONFIGURE   AND SUPPORT AUDIO-VISUAL SOLUTION TO THE NNR FOR A PERIOD OF THREE YEARS",active,13523,908169,ZAR,2026-05-31T00:00:00Z,2023-06-01T00:00:00Z,2026-05-31T00:00:00Z,1095,ocds-9t57fa-41852,ocds-9t57fa-41852-2022-11-25T00:00:00Z
5372,13215,2026-05-14T10:20:15Z,Appointment of a service provider for the provision of Desktops and Laptops including warranty and support for a period of three years,active,8142,11609833,ZAR,2026-03-13T00:00:00Z,2023-03-14T00:00:00Z,2026-03-13T00:00:00Z,1095,ocds-9t57fa-41872,ocds-9t57fa-41872-2022-11-25T00:00:00Z
4777,KZN19/2022,2026-03-25T15:28:41Z,36 MONTHS SECURITY SERVICES AT ULUNDI LABOUR CENTRE,active,27607,3239437,ZAR,2026-11-30T00:00:00Z,2023-12-01T00:00:00Z,2026-11-30T00:00:00Z,1095,ocds-9t57fa-43185,ocds-9t57fa-43185-2022-12-09T00:00:00Z
1137,4600003031,2023-08-25T08:46:20Z,Security Services for Free State,active,15503,4076829,ZAR,2026-07-31T00:00:00Z,2023-08-01T00:00:00Z,2026-07-31T00:00:00Z,1095,ocds-9t57fa-43269,ocds-9t57fa-43269-2022-12-09T00:00:00Z
1029,HS011/2022,2023-06-25T11:26:02Z,"HS011/2022: SUPPLY,DELIVERY AND CONNECT PRECAST TOILET STRUCTURES IN CROTON VALLEY INFORMAL SETTLEMENTS",active,11211,93000,ZAR,2023-06-30T00:00:00Z,2023-04-24T00:00:00Z,2023-06-30T00:00:00Z,67,ocds-9t57fa-43868,ocds-9t57fa-43868-2022-12-15T00:00:00Z
2262,P1/AUX/PC/06/23,2024-09-15T14:11:41Z,"SUPPLY; DELIVERY; COMMISSIONING & MAINTENANCE OF OFFICE AUTOMATION SOLUTION MINISTRY DURBAN
",active,35240,411947,ZAR,2026-04-30T00:00:00Z,2023-05-01T00:00:00Z,2026-04-30T00:00:00Z,1095,ocds-9t57fa-101993,ocds-9t57fa-101993-2022-12-23T00:00:00Z
224,TETA22/CS/0001/ MINUTE TAKING ,2022-08-02T12:10:17Z,REQUEST FOR THE APPOINTMENT OF A SUITABLE SERVICE PROVIDER / LEGAL ENTITY TO PROVIDE MINUTE TAKING SERVICES TO TETA FOR A PERIOD OF THREE (3) YEARS.,active,3065,1220796,ZAR,2025-06-07T00:00:00Z,2022-06-08T00:00:00Z,2025-06-07T00:00:00Z,1095,ocds-9t57fa-20192,ocds-9t57fa-20192-2022-04-08T00:00:00Z
1907,WS-7427,2024-06-16T12:18:18Z,"Framework contract for the services of specialist contractors for the design, construction, refurbishment, rehabilitation and alteration of waste/water treatment plants, waste/water pump stations and reservoirs over 36 months",active,29615,16167925,ZAR,2026-03-27T00:00:00Z,2024-03-27T00:00:00Z,2026-03-27T00:00:00Z,730,ocds-9t57fa-21230,ocds-9t57fa-21230-2022-05-05T00:00:00Z
326,BA032/2022,2022-09-22T13:52:27Z,"APPOINTMENT OF A SERVICE PROVIDER FOR THE TRAINING OF COMPLIANCE WITH REGULATION 21, LEGISLATION TESTING AS STIPULATED UNDER FIREARMS AND AMMUNITION ACT 60/2000 SUB SECTION 21 (VII) (S) (IX)",active,4735,200000,ZAR,2023-09-20T00:00:00Z,2022-09-21T00:00:00Z,2023-09-20T00:00:00Z,364,ocds-9t57fa-28785,ocds-9t57fa-28785-2022-08-05T00:00:00Z
304,52703,2022-09-07T11:44:46Z,Development of SALGA Mobi App Promotion.,active,4324,202625,ZAR,2022-07-22T00:00:00Z,2022-07-22T00:00:00Z,2022-07-22T00:00:00Z,0,ocds-9t57fa-31644,ocds-9t57fa-31644-2022-07-22T00:00:00Z
576,DPD061/2022,2022-12-08T13:25:27Z,DPD061/2022 – SUPPLY AND DELIVERY OF ELECTRONIC TABLET DEVICES WITH ACCESSORIES,active,6497,31510,ZAR,2023-06-30T00:00:00Z,2022-11-28T00:00:00Z,2023-06-30T00:00:00Z,214,ocds-9t57fa-33656,ocds-9t57fa-33656-2022-09-16T00:00:00Z
405,OA4400004242,2022-10-20T07:14:35Z,"Servicing and Maintenance of Split Unit Aircons at Customs House and Scanner Site, KZN for period of 24 months, as and when required",active,5326,200600,ZAR,2024-10-09T00:00:00Z,2022-10-10T00:00:00Z,2024-10-09T00:00:00Z,730,ocds-9t57fa-37336,ocds-9t57fa-37336-2022-09-23T00:00:00Z
450,53635,2022-10-31T10:34:07Z,PROCUREMENT OF ARUBA LICENSE,active,5524,673588,ZAR,2022-09-29T00:00:00Z,2022-09-29T00:00:00Z,2022-09-29T00:00:00Z,0,ocds-9t57fa-37930,ocds-9t57fa-37930-2022-09-02T00:00:00Z
1809,PSC-2015/019,2024-05-06T14:41:23Z," PROVISION OF CONSULTING SERVICES FOR DESIGN AND 
CONSTRUCTION SUPERVISION OF THE CATO RIDGE 
TRUNK SEWER PROJECT (8 YEAR CONTRACT) ",active,27495,22367500,ZAR,2027-07-21T00:00:00Z,2023-07-21T00:00:00Z,2027-07-21T00:00:00Z,1461,ocds-9t57fa-40964,ocds-9t57fa-40964-2022-11-18T00:00:00Z
1083,LTA001-22/23,2023-07-25T06:41:22Z,Provision of Internal Audit Services for a Period of 36 Months,active,9140,819357,ZAR,2026-03-09T00:00:00Z,2023-03-10T00:00:00Z,2026-03-09T00:00:00Z,1095,ocds-9t57fa-42540,ocds-9t57fa-42540-2022-12-02T00:00:00Z
1124,4600003025,2023-08-24T09:50:22Z," SAN (XI, QLogic Promise) Support and Maintenance",active,15465,26391839,ZAR,2026-06-30T00:00:00Z,2023-07-01T00:00:00Z,2026-06-30T00:00:00Z,1095,ocds-9t57fa-43226,ocds-9t57fa-43226-2022-12-09T00:00:00Z
638,54912,2023-01-17T09:47:08Z,Procurement of IT equipment ( 15 Dell laptops and 5 HP laptops),active,7149,627353,ZAR,2022-12-22T00:00:00Z,2022-12-22T00:00:00Z,2022-12-22T00:00:00Z,0,ocds-9t57fa-44581,ocds-9t57fa-44581-2022-11-25T00:00:00Z
840,3100032190,2023-03-28T18:39:18Z,Supply and Deliver Laptops,active,9758,171358,ZAR,2022-11-30T00:00:00Z,2022-09-26T00:00:00Z,2022-11-30T00:00:00Z,65,ocds-9t57fa-50534,ocds-9t57fa-50534-2022-09-09T00:00:00Z
916,3600028213,2023-04-16T13:12:24Z,Rental Of Concrete Barriers ,active,10594,233168,ZAR,2024-03-25T00:00:00Z,2022-11-01T00:00:00Z,2024-03-25T00:00:00Z,510,ocds-9t57fa-51966,ocds-9t57fa-51966-2022-08-19T00:00:00Z
947,0124772200,2023-04-24T12:59:28Z,SAP eRecruitment support Contract,active,11008,250242,ZAR,2024-03-28T00:00:00Z,2022-11-28T00:00:00Z,2024-03-28T00:00:00Z,486,ocds-9t57fa-52662,ocds-9t57fa-52662-2022-08-26T00:00:00Z
1935,SCMU1-2022/23-0004,2024-06-20T15:22:41Z,"APPOINTMENT OF A SERVICE PROVIDER TO RENDER CLEANING, HYGIENE, LANDSCAPING AND GARDENING SERVICES AT THE OFFICE OF THE PREMIER (OTP) BUILDINGS FOR A PERIOD OF 36 MONTHS FROM 01 APRIL 2023 TO 31 MARCH 2026
",active,29777,6483476,ZAR,2026-04-30T00:00:00Z,2023-05-01T00:00:00Z,2026-04-30T00:00:00Z,1095,ocds-9t57fa-93297,ocds-9t57fa-93297-2022-09-30T00:00:00Z
671,OR-001211,2023-01-30T09:31:15Z,APPOINTMENT OF A SERVICE PROVIDER TO DEVELOP AN INTEGRATED RESULTS MONITORING AND EVALUATION (M&E) SYSTEM FOR DSBD PROGRAMS AND ALL PROGRAMS BEING SUPPORTED (OR RECEIVING FUNDING) UNDER THE DSBD,active,5184,2258140,ZAR,2023-09-05T00:00:00Z,2022-10-06T00:00:00Z,2023-09-05T00:00:00Z,334,ocds-9t57fa-14753,ocds-9t57fa-14753-2022-01-14T00:00:00Z
663,CON024/2022/23,2023-01-26T08:51:20Z,The appointment of a technical expert to assist NERSA with Peer Review of NERSA’s Regulatory Tools.,active,6022,2185014,ZAR,2023-07-23T00:00:00Z,2022-11-24T00:00:00Z,2023-07-23T00:00:00Z,241,ocds-9t57fa-25440,ocds-9t57fa-25440-2022-07-01T00:00:00Z
309,T76/2022,2022-09-09T09:49:24Z,CAPE AGULHAS MUNICIPAL SPATIAL DEVELOPMENT FRAMEWORK 2022-2027,active,4432,784116,ZAR,2023-06-30T00:00:00Z,2022-09-12T00:00:00Z,2023-06-30T00:00:00Z,291,ocds-9t57fa-26599,ocds-9t57fa-26599-2022-07-15T00:00:00Z
528,BA054/2022,2022-11-14T12:28:30Z,"BA054/2022 – APPOINTMENT OF A SERVICE PROVIDER FOR THE RECRUITMENT AND SELECTION PROCESS OF THE DIRECTOR: CORPORATE SERVICES, IN LINE WITH THE REGULATIONS ON APPOINTMENT AND CONDITIONS OF EMPLOYMENT OF SENIOR MANAGERS, 2014",active,5757,46000,ZAR,2023-06-30T00:00:00Z,2022-11-07T00:00:00Z,2023-06-30T00:00:00Z,235,ocds-9t57fa-34480,ocds-9t57fa-34480-2022-09-23T00:00:00Z
523,54196,2022-11-11T08:30:00Z,Kasi2Kasi Production Reshoot including Administration.,active,5822,490116,ZAR,2022-11-07T00:00:00Z,2022-11-04T00:00:00Z,2022-11-07T00:00:00Z,3,ocds-9t57fa-39574,ocds-9t57fa-39574-2022-11-04T00:00:00Z
1055,ENG017OF2022,2023-07-11T09:38:58Z,"ENG017 OF 2022: SUPPLY AND DELIVERY OF ELECTRICAL CONSUMPTION MEASURING METERS AND RELATED HARDWARE AND EQUIPMENT FOR A PERIOD OF THREE (3) YEARS, FROM THE DATE OF APPOINTMENT.",active,13405,827000,ZAR,2026-05-27T00:00:00Z,2023-06-28T00:00:00Z,2026-05-27T00:00:00Z,1064,ocds-9t57fa-41899,ocds-9t57fa-41899-2022-11-25T00:00:00Z
984,RFQ/01/2022,2023-05-08T06:01:40Z,REQUEST FOR A SERVICE PROVIDER TO INTEGRATE AND ORGANISE BUSINESS DATS FROM ALL SOURCES INTO ONE CENTRAL SYSTEM WITH POWER BI,active,10993,635800,ZAR,2023-09-30T00:00:00Z,2022-04-01T00:00:00Z,2023-09-30T00:00:00Z,547,ocds-9t57fa-52652,ocds-9t57fa-52652-2022-01-21T00:00:00Z
135,T52/2022,2022-06-02T08:50:29Z,RAISING OF EXTERNAL LOANS,active,2864,45249212,ZAR,2022-06-30T00:00:00Z,2022-06-02T00:00:00Z,2022-06-30T00:00:00Z,28,ocds-9t57fa-18563,ocds-9t57fa-18563-2022-02-24T00:00:00Z
1117,HEDP011/22/23,2023-08-16T09:26:54Z,SUPPLY AND DELIVERY OF GENERAL OFFICE STATIONERY AND  PRINTING SUPPLIES (INK AND TONER CARTRIDGES) IN THE LIMPOPO DEPARTMENT OF HEALTH FOR A PERIOD OF THIRTY-SIX (36) MONTHS,active,9759,123198674,ZAR,2026-06-30T00:00:00Z,2023-07-01T00:00:00Z,2026-06-30T00:00:00Z,1095,ocds-9t57fa-43837,ocds-9t57fa-43837-2022-12-15T00:00:00Z
514,46000,2022-11-07T13:25:24Z,Provision of Ash Dams Maintenance Services to Kriel Power Station for a period of 5 years ,active,5732,125140760,ZAR,2025-11-30T00:00:00Z,2022-12-01T00:00:00Z,2025-11-30T00:00:00Z,1095,ocds-9t57fa-19210,ocds-9t57fa-19210-2022-03-11T00:00:00Z
371,4600072471,2022-10-13T11:05:46Z,Provision of External Independent Environmental Auditors for Kusile 60 Year Ash Dam Facility (ADF),active,4747,880034,ZAR,2026-10-29T00:00:00Z,2022-09-23T00:00:00Z,2026-10-29T00:00:00Z,1497,ocds-9t57fa-22579,ocds-9t57fa-22579-2022-05-27T00:00:00Z
5350,RFP2022/01/NYDA,2026-05-13T09:26:10Z,APPOINTMENT OF PHYSICAL SECURITY SERVICES FOR NYDA BRANCHES AND DISTRICS OVER A PERIOD OF THREE (3) YEARS (36 MONTHS),active,8148,33471776,ZAR,2026-02-06T00:00:00Z,2023-02-07T00:00:00Z,2026-02-06T00:00:00Z,1095,ocds-9t57fa-23971,ocds-9t57fa-23971-2022-06-17T00:00:00Z
310,T71/2022,2022-09-09T09:53:31Z,SUPPLY & DELIVERY OF OFFICE FURNITURE & ZIPPLES,active,4435,87441,ZAR,2022-10-28T00:00:00Z,2022-09-06T00:00:00Z,2022-10-28T00:00:00Z,52,ocds-9t57fa-26596,ocds-9t57fa-26596-2022-07-15T00:00:00Z
311,T73/2022,2022-09-09T09:54:52Z,SUPPLY & DELIVERY OF OFFICE FURNITURE & ZIPPLES,active,4436,84525,ZAR,2022-10-28T00:00:00Z,2022-09-06T00:00:00Z,2022-10-28T00:00:00Z,52,ocds-9t57fa-26596,ocds-9t57fa-26596-2022-07-15T00:00:00Z
1797,WS-7565,2024-05-06T14:14:44Z,Request for Proposals for new meter reading platform ,active,27477,1097680430,ZAR,2026-05-03T00:00:00Z,2023-05-03T00:00:00Z,2026-05-03T00:00:00Z,1096,ocds-9t57fa-27195,ocds-9t57fa-27195-2022-07-22T00:00:00Z
4800,LIM06-2022/2023,2026-03-26T16:02:07Z,RENDERING OF CLEANING AND HYGIENE SERVICES AT DEPARTMENT OF EMPLOYMENT AND LABOUR FOR A PERIOD OF 36 MONTHS  (CAPRICORN CLUSTER),active,6631,5310811,ZAR,2026-01-31T00:00:00Z,2023-02-01T00:00:00Z,2026-01-31T00:00:00Z,1095,ocds-9t57fa-27981,ocds-9t57fa-27981-2022-07-29T00:00:00Z
4755,KZN01/2022,2026-03-24T15:33:48Z,36 MONTHS SECURITY SERVICES FOR PROVINCIAL OFFICE DURBAN,active,17214,3958156,ZAR,2026-10-31T00:00:00Z,2023-11-01T00:00:00Z,2026-10-31T00:00:00Z,1095,ocds-9t57fa-29260,ocds-9t57fa-29260-2022-08-12T00:00:00Z
1977,SCMU12-22/23-0006,2024-07-11T13:45:46Z,Provision of Cleaning and Hygienic services for Head Office and Amathole District Office (Bhisho and East London) for a period of forty-eight (48) Months,terminated,5459,0,ZAR,2026-11-30T00:00:00Z,2022-12-01T00:00:00Z,2026-11-30T00:00:00Z,1460,ocds-9t57fa-29437,ocds-9t57fa-29437-2022-08-12T00:00:00Z
1556,1D-19482,2024-03-12T09:21:01Z,"Maintenance and refurbishment of Umhlanga Whalebone Pier: Ward 35
",active,24714,31127254,ZAR,2027-06-01T00:00:00Z,2024-04-01T00:00:00Z,2027-06-01T00:00:00Z,1156,ocds-9t57fa-29927,ocds-9t57fa-29927-2022-08-19T00:00:00Z
4952,CDC/39/22,2026-04-09T09:11:23Z,"CONSTRUCTION OF UPGRADES AND ADDITIONS AT SIYAKHANYISA PRIMARY SCHOOL IN KING CETSHWAYO DISTRICT, KWAZULU-NATAL

The CDC is inviting capable and competent Contractors with an active CIDB grading of 8GB or higher, for the construction of upgrades and additions at Siyakhanyisa PS in King Cetshwayo District, KwaZulu Natal. Emerging contractor with a CIDB Grading of 7GB PE CIDB are not eligible to bid.",active,7175,70900000,ZAR,2026-02-28T00:00:00Z,2023-01-20T00:00:00Z,2026-02-28T00:00:00Z,1135,ocds-9t57fa-30868,ocds-9t57fa-30868-2022-08-26T00:00:00Z
1603,1J-4957,2024-03-17T09:01:04Z,Supply and delivery of street sweeper vehicle(s) for a period of 36 months ,active,25114,4160000,ZAR,2026-05-23T00:00:00Z,2023-05-24T00:00:00Z,2026-05-23T00:00:00Z,1095,ocds-9t57fa-35253,ocds-9t57fa-35253-2022-09-30T00:00:00Z
745,RFP24/2022,2023-02-10T07:54:23Z,APPOINTMENT OF A SERVICE PROVIDER FOR THE RENTAL OF SARS KIOSKS,active,8188,10058000,ZAR,2026-02-12T00:00:00Z,2023-02-13T00:00:00Z,2026-02-12T00:00:00Z,1095,ocds-9t57fa-35362,ocds-9t57fa-35362-2022-09-30T00:00:00Z
356,LMNQ 03/2022,2022-10-07T12:57:21Z,"SUPPLY,DELIVERY AND INSTALLATION OF NETWORK POINTS AND ICT EQUIPMENT ",active,4988,498468,ZAR,2022-11-03T00:00:00Z,2022-09-02T00:00:00Z,2022-11-03T00:00:00Z,62,ocds-9t57fa-36002,ocds-9t57fa-36002-2022-07-29T00:00:00Z
1038,4600073717,2023-06-29T08:52:10Z,"Calibration and minor repairs of various testing equipment within the Eskom Limlanga Cluster, on an as and when required basis, for a period of Five (5) Years",active,11980,12355212,ZAR,2028-05-31T00:00:00Z,2023-06-01T00:00:00Z,2028-05-31T00:00:00Z,1826,ocds-9t57fa-39882,ocds-9t57fa-39882-2022-11-11T00:00:00Z
1199,ACDP 20/15,2023-09-26T08:29:34Z,"RE-ADVERTISEMENT: DESIGN, PRINTING, REPRODUCTION, LAYOUT, PROOF READING, PACKAGING AND DELIVERY OF DOCUMENTS FOR LIMPOPO DEPARTMENT OF AGRICULTURE AND
RURAL DEVELOPMENT FOR A PERIOD OF 36 MONTHS.",pending,14304,38869,ZAR,2026-05-31T00:00:00Z,2023-06-01T00:00:00Z,2026-05-31T00:00:00Z,1095,ocds-9t57fa-41060,ocds-9t57fa-41060-2022-11-18T00:00:00Z
1349,SCMU 0-GFMS-22/23-0010,2023-11-13T08:59:09Z,"PROVISION OF AUCTIONEERING SERVICES FOR GFMS FOR A PERIOD OF THWENY-FOUR (24) MONTHS AT MTHATHA, EAST LONDON AND GQEBERHA GOVERNMENT GARAGES.",active,18631,150000000,ZAR,2025-06-12T00:00:00Z,2023-06-13T00:00:00Z,2025-06-12T00:00:00Z,730,ocds-9t57fa-42881,ocds-9t57fa-42881-2022-12-09T00:00:00Z
4773,KZN16/2022,2026-03-25T15:01:33Z,36 MONTHS CLEANING SERVICES AT STANGER LABOUR CENTRE,active,27609,982478,ZAR,2027-03-31T00:00:00Z,2024-04-01T00:00:00Z,2027-03-31T00:00:00Z,1094,ocds-9t57fa-43180,ocds-9t57fa-43180-2022-12-09T00:00:00Z
3740,19/FY/23,2025-08-27T09:46:57Z,PROVISION OF WILDLIFE AUCTIONEER SERVICES FOR A PERIOD OF THREE (3) YEARS WITH AN OPTION TO EXTEND FOR A PERIOD OF TWO (2) YEARS,active,11384,0,ZAR,2027-08-31T00:00:00Z,2024-09-01T00:00:00Z,2027-08-31T00:00:00Z,1094,ocds-9t57fa-43832,ocds-9t57fa-43832-2022-12-15T00:00:00Z
