id,name,main_ocid,main_id,tender_id
24992,MAAA0204801 - (MOGALE SOLUTION PROVIDERS),ocds-9t57fa-121170,ocds-9t57fa-121170-2025-04-30T00:00:00Z,121170
23397,GASFLAM,ocds-9t57fa-112537,ocds-9t57fa-112537-2025-01-23T00:00:00Z,112537
23809,MAAA0256205 - (NKOSINGIPHE INKAZIMULO TRADING AND PROJECTS),ocds-9t57fa-113311,ocds-9t57fa-113311-2025-01-31T00:00:00Z,113311
24053,MAAA0052914 - (MICROSEP),ocds-9t57fa-115448,ocds-9t57fa-115448-2025-02-21T00:00:00Z,115448
25212,Konect Telecommunications (Pty) Ltd,ocds-9t57fa-121898,ocds-9t57fa-121898-2025-05-09T00:00:00Z,121898
25323,MAAA1458431 - (CONSSUPORT),ocds-9t57fa-123051,ocds-9t57fa-123051-2025-05-23T00:00:00Z,123051
27004,MAAA0082082 - (SYNTELL),ocds-9t57fa-123114,ocds-9t57fa-123114-2025-05-23T00:00:00Z,123114
25226,Imani Virtual Assistants,ocds-9t57fa-123133,ocds-9t57fa-123133-2025-05-23T00:00:00Z,123133
26195,Professional Emergency Care,ocds-9t57fa-127156,ocds-9t57fa-127156-2025-07-11T00:00:00Z,127156
26148,TECHNOSTAR ENGINEERING,ocds-9t57fa-128133,ocds-9t57fa-128133-2025-07-18T00:00:00Z,128133
26212,MAAA0284710 - (FORENSIC ACADEMY AFRICA),ocds-9t57fa-128862,ocds-9t57fa-128862-2025-07-25T00:00:00Z,128862
26767,WSP Group Africa (Pty) Ltd,ocds-9t57fa-130045,ocds-9t57fa-130045-2025-08-07T00:00:00Z,130045
26788,MAAA0069719 - (MAMADI AND COMPANY SA),ocds-9t57fa-130721,ocds-9t57fa-130721-2025-08-14T00:00:00Z,130721
26985,MAAA1287910 - (HEMP 4 LIFE),ocds-9t57fa-132954,ocds-9t57fa-132954-2025-09-05T00:00:00Z,132954
27023,MAAA1246860 - (DYNAMO STARS),ocds-9t57fa-135171,ocds-9t57fa-135171-2025-09-26T00:00:00Z,135171
28114,MAAA0070407 - (THREE DIAMONDS TRADING 110),ocds-9t57fa-135799,ocds-9t57fa-135799-2025-10-03T00:00:00Z,135799
27136,MAAA0095044 - (SECTOR FIVE TRADING 108),ocds-9t57fa-136693,ocds-9t57fa-136693-2025-05-02T00:00:00Z,136693
27543,MAAA0722332,ocds-9t57fa-139553,ocds-9t57fa-139553-2025-10-23T00:00:00Z,139553
28112,See list attached,ocds-9t57fa-140577,ocds-9t57fa-140577-2025-11-14T00:00:00Z,140577
26587,Afelton t/a Howler,ocds-9t57fa-111861,ocds-9t57fa-111861-2025-01-17T00:00:00Z,111861
25044,MAAA1173954 - (AMANZI BIOSECURITY (RF)),ocds-9t57fa-113299,ocds-9t57fa-113299-2025-01-31T00:00:00Z,113299
24507,MASKEW MILLER LEARNING,ocds-9t57fa-117579,ocds-9t57fa-117579-2025-03-14T00:00:00Z,117579
24804,MAAA0438596 ,ocds-9t57fa-121009,ocds-9t57fa-121009-2025-04-26T00:00:00Z,121009
24844,MAAA0114717 - (BAY COMMUNITY TELEVISION),ocds-9t57fa-121536,ocds-9t57fa-121536-2025-04-05T00:00:00Z,121536
26879,MAAA0078575 - (COLUMBIA FALLS PROPERTIES 80),ocds-9t57fa-131679,ocds-9t57fa-131679-2025-08-22T00:00:00Z,131679
26830,MAAA1278031 - (CFM797 TRADING),ocds-9t57fa-131723,ocds-9t57fa-131723-2025-08-22T00:00:00Z,131723
27681,MAAA - ECON ARCH CONSULTING ANT IT SERVICES (PTY)LTD,ocds-9t57fa-134430,ocds-9t57fa-134430-2025-09-20T00:00:00Z,134430
28147,BARONE BUDGE AND DOMINICK,ocds-9t57fa-138666,ocds-9t57fa-138666-2025-10-31T00:00:00Z,138666
27977,Bagatelle Trading (Pty) Ltd,ocds-9t57fa-139608,ocds-9t57fa-139608-2025-11-07T00:00:00Z,139608
33813,ALM CONSTRUCTION AND SUPPLIES,ocds-9t57fa-140023,ocds-9t57fa-140023-2025-11-15T00:00:00Z,140023
29247,THE BATTLEFIELD,ocds-9t57fa-142850,ocds-9t57fa-142850-2025-12-05T00:00:00Z,142850
35915,RADIOF,ocds-9t57fa-147014,ocds-9t57fa-147014-2025-06-27T00:00:00Z,147014
37891,TOYOTA SOUTH AFRICA MOTORS,ocds-9t57fa-147429,ocds-9t57fa-147429-2025-09-05T00:00:00Z,147429
23488,MAAA0844940 - Tiajay holdings Pty Ltd,ocds-9t57fa-113841,ocds-9t57fa-113841-2025-02-06T00:00:00Z,113841
30387,OUTENIQUA AUTO MAINTENANCE,ocds-9t57fa-131441,ocds-9t57fa-131441-2025-08-21T00:00:00Z,131441
85437,SMW MECHANIC AND SPARESHOP,ocds-9t57fa-137785,ocds-9t57fa-137785-2025-10-23T00:00:00Z,137785
35049,SKY TENTS,ocds-9t57fa-143866,ocds-9t57fa-143866-2025-12-22T00:00:00Z,143866
24606,MAAA0153300 - (REFINEMENT ENGINEERING),ocds-9t57fa-113264,ocds-9t57fa-113264-2025-01-31T00:00:00Z,113264
23749,HINTSABA TRADING,ocds-9t57fa-113397,ocds-9t57fa-113397-2025-01-31T00:00:00Z,113397
23778,Nzwalo Investments (Pty) Ltd t/a LumaCon,ocds-9t57fa-113410,ocds-9t57fa-113410-2025-01-31T00:00:00Z,113410
23784,River North Trading t/a Air Fire Solutions,ocds-9t57fa-113410,ocds-9t57fa-113410-2025-01-31T00:00:00Z,113410
24264,Black Eagle Group,ocds-9t57fa-114869,ocds-9t57fa-114869-2025-02-14T00:00:00Z,114869
24266,Air Ambulance Health Services,ocds-9t57fa-114869,ocds-9t57fa-114869-2025-02-14T00:00:00Z,114869
24277,TUMI @ TUMI (PTY) LTD,ocds-9t57fa-114885,ocds-9t57fa-114885-2025-02-14T00:00:00Z,114885
24281,RISKI BOY EVENTS & SUPPLY (PTY) LTD,ocds-9t57fa-114885,ocds-9t57fa-114885-2025-02-14T00:00:00Z,114885
24284,VALUE CORNER,ocds-9t57fa-114885,ocds-9t57fa-114885-2025-02-14T00:00:00Z,114885
24285,OR SOLUTIONS,ocds-9t57fa-114885,ocds-9t57fa-114885-2025-02-14T00:00:00Z,114885
24286,OR SOLUTIONS,ocds-9t57fa-114885,ocds-9t57fa-114885-2025-02-14T00:00:00Z,114885
24279,KG KGALALELO CIVIL WORKS (PTY) LTD,ocds-9t57fa-114885,ocds-9t57fa-114885-2025-02-14T00:00:00Z,114885
24283,VOGUE GROUP,ocds-9t57fa-114885,ocds-9t57fa-114885-2025-02-14T00:00:00Z,114885
24851,H and P Group (SA) Pty Ltd,ocds-9t57fa-115406,ocds-9t57fa-115406-2025-02-21T00:00:00Z,115406
26047,Batsini (Pty) Ltd,ocds-9t57fa-115406,ocds-9t57fa-115406-2025-02-21T00:00:00Z,115406
24387,MAAA0803860 - (KENTMARK GROUP),ocds-9t57fa-116145,ocds-9t57fa-116145-2025-02-28T00:00:00Z,116145
24454,Lyra Southern Africa (Pty) Ltd ,ocds-9t57fa-116975,ocds-9t57fa-116975-2025-03-07T00:00:00Z,116975
24458,Life Health Solutions,ocds-9t57fa-116975,ocds-9t57fa-116975-2025-03-07T00:00:00Z,116975
24415,MAAA0624851 - (GREMONII CONTRACTORS),ocds-9t57fa-117468,ocds-9t57fa-117468-2025-03-13T00:00:00Z,117468
24414,MAAA0388480 - (TOKS LOG),ocds-9t57fa-117468,ocds-9t57fa-117468-2025-03-13T00:00:00Z,117468
24741,MAAA0151603 - (SEANEGO ATTORNEYS),ocds-9t57fa-117646,ocds-9t57fa-117646-2025-03-14T00:00:00Z,117646
24973,Soma Solutions Joint Venture (JV),ocds-9t57fa-119940,ocds-9t57fa-119940-2025-04-11T00:00:00Z,119940
25382,Aqua Telecoms ,ocds-9t57fa-121177,ocds-9t57fa-121177-2025-04-30T00:00:00Z,121177
25209,Regenesys Education (Pty) Ltd,ocds-9t57fa-122421,ocds-9t57fa-122421-2025-05-16T00:00:00Z,122421
25481,MAAA1537616 - (P MELAPI ATTORNEYS),ocds-9t57fa-123112,ocds-9t57fa-123112-2025-05-23T00:00:00Z,123112
25482,MAAA0737464 - (HENDRICK MASEMOLA),ocds-9t57fa-123112,ocds-9t57fa-123112-2025-05-23T00:00:00Z,123112
25484,MAAA0160776 - (HAROLD HENNING LEVENDAL),ocds-9t57fa-123112,ocds-9t57fa-123112-2025-05-23T00:00:00Z,123112
25693,CBRE Excellerate,ocds-9t57fa-123768,ocds-9t57fa-123768-2025-05-30T00:00:00Z,123768
25695,AFMS Group,ocds-9t57fa-123768,ocds-9t57fa-123768-2025-05-30T00:00:00Z,123768
25597,SKG Africa (Pty) Ltd,ocds-9t57fa-123804,ocds-9t57fa-123804-2025-05-30T00:00:00Z,123804
25792,Altron Digital Business (Pty) Ltd,ocds-9t57fa-125041,ocds-9t57fa-125041-2025-06-13T00:00:00Z,125041
25793,Basani IT Solutions (Pty) Ltd ,ocds-9t57fa-125041,ocds-9t57fa-125041-2025-06-13T00:00:00Z,125041
25885,Koebec Electricala,ocds-9t57fa-125078,ocds-9t57fa-125078-2025-06-13T00:00:00Z,125078
25888,Nondarhana Group (Pty) Ltd,ocds-9t57fa-125078,ocds-9t57fa-125078-2025-06-13T00:00:00Z,125078
26063,Red Cherry Media Holdings (Pty) Ltd,ocds-9t57fa-127002,ocds-9t57fa-127002-2025-07-04T00:00:00Z,127002
26067,The MediaShop (Pty) Ltd ,ocds-9t57fa-127002,ocds-9t57fa-127002-2025-07-04T00:00:00Z,127002
26219,BIG 5 NEWLIFE BUILDING CONSTRUCTION,ocds-9t57fa-127471,ocds-9t57fa-127471-2025-07-11T00:00:00Z,127471
26220,DI GRAZIA (PTY) LTD,ocds-9t57fa-127471,ocds-9t57fa-127471-2025-07-11T00:00:00Z,127471
61930,SINALOZ,ocds-9t57fa-128709,ocds-9t57fa-128709-2025-07-24T00:00:00Z,128709
62036,VDS CONCEPTS,ocds-9t57fa-128709,ocds-9t57fa-128709-2025-07-24T00:00:00Z,128709
98047,FLEET HORIZON SOLUTIONS,ocds-9t57fa-128789,ocds-9t57fa-128789-2025-07-25T00:00:00Z,128789
26453,MAAA0902021 - (KAIZEN WATER GROUP),ocds-9t57fa-129482,ocds-9t57fa-129482-2025-08-01T00:00:00Z,129482
38485,COMPUTEK NETWORKS,ocds-9t57fa-130140,ocds-9t57fa-130140-2025-08-08T00:00:00Z,130140
38487,TIPP FOCUS HOLDINGS,ocds-9t57fa-130140,ocds-9t57fa-130140-2025-08-08T00:00:00Z,130140
38488,INFOVERGE SOLUTIONS,ocds-9t57fa-130140,ocds-9t57fa-130140-2025-08-08T00:00:00Z,130140
38492,Alight MEA,ocds-9t57fa-130140,ocds-9t57fa-130140-2025-08-08T00:00:00Z,130140
56922,CVW CONSULTING ENGINEERS,ocds-9t57fa-130205,ocds-9t57fa-130205-2025-08-08T00:00:00Z,130205
56807,BDE CONSULTING ENGINEERS,ocds-9t57fa-130205,ocds-9t57fa-130205-2025-08-08T00:00:00Z,130205
26888,1	Tech Mahindra South Africa (Pty) Ltd		 2	Sedin Fiveir Technologies JV		 3	iOCO Digital (Pty) Ltd		 4	Seka Squared (Pty) Ltd		 5	Wire Speed System  (Pty) Ltd		 6	Adapt IT (Pty) Ltd		 7	Beta Software (Pty) Ltd		 8	Amaseko Advisory Services		 9	Imagination Advisory and Technology (Pty) Ltd		 10	GTM Computer Surgeon CC		 11	Tribe Industries (Pty) Ltd		 12	SurTech Solutions RSA (Pty) Ltd		,ocds-9t57fa-130528,ocds-9t57fa-130528-2025-08-15T00:00:00Z,130528
76964,BCT VISION,ocds-9t57fa-131585,ocds-9t57fa-131585-2025-08-22T00:00:00Z,131585
26994,MAAA0003457 - (MAANDA-NES INVESTMENTS),ocds-9t57fa-132147,ocds-9t57fa-132147-2025-08-29T00:00:00Z,132147
87418,LAMBETCO,ocds-9t57fa-133847,ocds-9t57fa-133847-2025-09-12T00:00:00Z,133847
87423,SA MOFOKENG INVESTMENTS,ocds-9t57fa-133847,ocds-9t57fa-133847-2025-09-12T00:00:00Z,133847
87420,BLUEFISH SOLUTIONS,ocds-9t57fa-133847,ocds-9t57fa-133847-2025-09-12T00:00:00Z,133847
87424,GRASTINE,ocds-9t57fa-133847,ocds-9t57fa-133847-2025-09-12T00:00:00Z,133847
76356,AVUMILE BUSINESS INVESTMENTS,ocds-9t57fa-134432,ocds-9t57fa-134432-2025-09-19T00:00:00Z,134432
76363,IVELAPHI-INJABULO TRADING ENTERPRISE,ocds-9t57fa-134432,ocds-9t57fa-134432-2025-09-19T00:00:00Z,134432
76366,IMBEWU THE SEED CIVILS AND PROJECTS,ocds-9t57fa-134432,ocds-9t57fa-134432-2025-09-19T00:00:00Z,134432
76367,ABENGUNI ENGINEERING PROCUREMENT AND CONSTRUCTION,ocds-9t57fa-134432,ocds-9t57fa-134432-2025-09-19T00:00:00Z,134432
76446,MAMI GROUP,ocds-9t57fa-134434,ocds-9t57fa-134434-2025-09-19T00:00:00Z,134434
76449,GASELA MST PROJECTS,ocds-9t57fa-134434,ocds-9t57fa-134434-2025-09-19T00:00:00Z,134434
76459,MAPLANI DEVELOPMENTS AND PROJECTS,ocds-9t57fa-134434,ocds-9t57fa-134434-2025-09-19T00:00:00Z,134434
76448,FAIRBAIRN TECHNOLOGIES,ocds-9t57fa-134434,ocds-9t57fa-134434-2025-09-19T00:00:00Z,134434
76466,ALU DEVELOPMENTS CONSULT,ocds-9t57fa-134434,ocds-9t57fa-134434-2025-09-19T00:00:00Z,134434
80543,INENZO WATER,ocds-9t57fa-135004,ocds-9t57fa-135004-2025-09-27T00:00:00Z,135004
27013,MAAA0673868 - (KWENATHI TRADING SERVICES),ocds-9t57fa-135170,ocds-9t57fa-135170-2025-09-26T00:00:00Z,135170
27022,MAAA0726584 - (NO MISTAKE ENGINEERING AND PLUMBING),ocds-9t57fa-135170,ocds-9t57fa-135170-2025-09-26T00:00:00Z,135170
27568,MAAA0593422 - (ALTRON TMT),ocds-9t57fa-135737,ocds-9t57fa-135737-2025-10-03T00:00:00Z,135737
27571,MAAA0147896 - (ECLIPSE HOLDINGS),ocds-9t57fa-135737,ocds-9t57fa-135737-2025-10-03T00:00:00Z,135737
36098,KIZANI TRADING ENTERPRISE,ocds-9t57fa-135808,ocds-9t57fa-135808-2025-10-03T00:00:00Z,135808
27730,1	AFRIKA NOVELTY		 2	AURA ANALYTICS		 3	INNOVATION GOVERNMENT SOFTWARE		 4	BOXFUSION		 5	EDGE DATA WAVE 		 6	PROMAN CONSULTING 		 7	K2020141081 (SOUTH AFRICA)		 8	DATA WORLD 		 9	XIQUEL GROUP 		 10	NEW DAWN TECHNOLOGIES		,ocds-9t57fa-137199,ocds-9t57fa-137199-2025-10-17T00:00:00Z,137199
39047,STRIVING MIND ENGINEERS AND CONTRACTORS,ocds-9t57fa-137899,ocds-9t57fa-137899-2025-10-24T00:00:00Z,137899
39049,GAKENNOSHI POWER PROJECTS,ocds-9t57fa-137899,ocds-9t57fa-137899-2025-10-24T00:00:00Z,137899
39056,INTER SOUTHERN POWER,ocds-9t57fa-137899,ocds-9t57fa-137899-2025-10-24T00:00:00Z,137899
27800,Chinar Promoters Pvt. Ltd,ocds-9t57fa-138034,ocds-9t57fa-138034-2025-10-24T00:00:00Z,138034
27803,K K Construction and Builders,ocds-9t57fa-138034,ocds-9t57fa-138034-2025-10-24T00:00:00Z,138034
27801,M/S Confoss Construction,ocds-9t57fa-138034,ocds-9t57fa-138034-2025-10-24T00:00:00Z,138034
27924,Redefine Properties,ocds-9t57fa-138735,ocds-9t57fa-138735-2025-10-31T00:00:00Z,138735
27818,Remchannel (Pty) Ltd,ocds-9t57fa-138789,ocds-9t57fa-138789-2025-10-31T00:00:00Z,138789
80514,LARONA CONSULTING,ocds-9t57fa-138895,ocds-9t57fa-138895-2025-10-31T00:00:00Z,138895
80515,BONELA CONSULTING,ocds-9t57fa-138895,ocds-9t57fa-138895-2025-10-31T00:00:00Z,138895
85781,MAPHOMA CONSTRUCTION AND PROJECTS,ocds-9t57fa-139556,ocds-9t57fa-139556-2025-11-08T00:00:00Z,139556
27960,LEBONE LITHO PRINTERS (PTY) Ltd ,ocds-9t57fa-139665,ocds-9t57fa-139665-2025-11-07T00:00:00Z,139665
27962,NYALU COMMUNICATIONS,ocds-9t57fa-139665,ocds-9t57fa-139665-2025-11-07T00:00:00Z,139665
27959,MAAA0056294 - (MAILTRONIC DIRECT MARKETING),ocds-9t57fa-139665,ocds-9t57fa-139665-2025-11-07T00:00:00Z,139665
34054,HILOAD INYANGA CONSTRUCTION,ocds-9t57fa-140006,ocds-9t57fa-140006-2025-11-14T00:00:00Z,140006
58710,GOLDWAVE CONSTRUCTION,ocds-9t57fa-140398,ocds-9t57fa-140398-2025-11-14T00:00:00Z,140398
58759,PANGWA TRADING ENTERPRISE,ocds-9t57fa-140398,ocds-9t57fa-140398-2025-11-14T00:00:00Z,140398
46496,BLACK ZEE 999 TRADING AND PROJECTS,ocds-9t57fa-140403,ocds-9t57fa-140403-2025-11-14T00:00:00Z,140403
34337,MAGAND PROJECTS,ocds-9t57fa-140452,ocds-9t57fa-140452-2025-11-14T00:00:00Z,140452
34340,MASSTON CONSTRUCTION PROJECTS,ocds-9t57fa-140452,ocds-9t57fa-140452-2025-11-14T00:00:00Z,140452
70100,NTALO INVESTMENTS,ocds-9t57fa-140509,ocds-9t57fa-140509-2025-11-14T00:00:00Z,140509
70117,NEA PROJECTS,ocds-9t57fa-140509,ocds-9t57fa-140509-2025-11-14T00:00:00Z,140509
67568,DE RIDDER MANAGEMENT CONSULTING,ocds-9t57fa-140527,ocds-9t57fa-140527-2025-11-14T00:00:00Z,140527
67570,FUTURE PERFECT CORPORATION,ocds-9t57fa-140527,ocds-9t57fa-140527-2025-11-14T00:00:00Z,140527
67571,GARTNER SOUTH AFRICA,ocds-9t57fa-140527,ocds-9t57fa-140527-2025-11-14T00:00:00Z,140527
37782,MEL AND TILIS COUTURE HOLDINGS,ocds-9t57fa-140566,ocds-9t57fa-140566-2025-11-14T00:00:00Z,140566
37767,ACTOPHAMBILI ROADS,ocds-9t57fa-140566,ocds-9t57fa-140566-2025-11-14T00:00:00Z,140566
28759,KGOMO BROTHERS TRADING,ocds-9t57fa-141267,ocds-9t57fa-141267-2025-11-28T00:00:00Z,141267
28754,BAKONE BA BOKONE HOLDINGS,ocds-9t57fa-141267,ocds-9t57fa-141267-2025-11-28T00:00:00Z,141267
28796,THABILE MULTI PROJECTS,ocds-9t57fa-141267,ocds-9t57fa-141267-2025-11-28T00:00:00Z,141267
30838,MTHENTE RESEARCH AND CONSULTING SERVICES,ocds-9t57fa-141272,ocds-9t57fa-141272-2025-11-21T00:00:00Z,141272
30847,BUSANI KB HOLDINGS,ocds-9t57fa-141272,ocds-9t57fa-141272-2025-11-21T00:00:00Z,141272
32087,NWU ENTERPRISES,ocds-9t57fa-141272,ocds-9t57fa-141272-2025-11-21T00:00:00Z,141272
28494,BRILLIANT TELECOMMUNICATIONS,ocds-9t57fa-141331,ocds-9t57fa-141331-2025-11-21T00:00:00Z,141331
28499,DATACENTRIX,ocds-9t57fa-141331,ocds-9t57fa-141331-2025-11-21T00:00:00Z,141331
33824,EXECUTIVE ABAC TALENTING,ocds-9t57fa-141356,ocds-9t57fa-141356-2025-11-22T00:00:00Z,141356
28637,BCX DISTRIBUTORS,ocds-9t57fa-141396,ocds-9t57fa-141396-2025-11-21T00:00:00Z,141396
29283,ULWEMBU LA SE KASI HOLDINGS,ocds-9t57fa-141396,ocds-9t57fa-141396-2025-11-21T00:00:00Z,141396
36337,IJUBANE INVESTMENTS,ocds-9t57fa-141412,ocds-9t57fa-141412-2025-11-21T00:00:00Z,141412
29149,BEE AND KAY TRADING AND CONSTRUCTION,ocds-9t57fa-141417,ocds-9t57fa-141417-2025-11-21T00:00:00Z,141417
29138,MASUSA HOLDINGS,ocds-9t57fa-141417,ocds-9t57fa-141417-2025-11-21T00:00:00Z,141417
34110,MALESELA TAIHAN ELECTRIC CABLE,ocds-9t57fa-141425,ocds-9t57fa-141425-2025-11-21T00:00:00Z,141425
34111,MARUMO MARIBE TRADING,ocds-9t57fa-141425,ocds-9t57fa-141425-2025-11-21T00:00:00Z,141425
32219,COASTAL AND ENVIRONMENTAL SERVICES,ocds-9t57fa-141448,ocds-9t57fa-141448-2025-11-21T00:00:00Z,141448
28383,BADAT DEVELOPMENTS,ocds-9t57fa-142014,ocds-9t57fa-142014-2025-11-28T00:00:00Z,142014
28397,BVI CONSULTING ENGINEERS,ocds-9t57fa-142014,ocds-9t57fa-142014-2025-11-28T00:00:00Z,142014
37909,EZINHLE SUPPLIES AND CONSTRUCTORS,ocds-9t57fa-142040,ocds-9t57fa-142040-2025-11-28T00:00:00Z,142040
29419,NEXOR 312,ocds-9t57fa-142028,ocds-9t57fa-142028-2025-11-28T00:00:00Z,142028
29431,AV BALOYI CONSULTING,ocds-9t57fa-142028,ocds-9t57fa-142028-2025-11-28T00:00:00Z,142028
29450,WALDO CONSULTANTS,ocds-9t57fa-142028,ocds-9t57fa-142028-2025-11-28T00:00:00Z,142028
42281,BLACK TOP CIVILS,ocds-9t57fa-142125,ocds-9t57fa-142125-2025-11-28T00:00:00Z,142125
42278,LANDELANE TRADING,ocds-9t57fa-142125,ocds-9t57fa-142125-2025-11-28T00:00:00Z,142125
42282,PUSH CIVILS,ocds-9t57fa-142125,ocds-9t57fa-142125-2025-11-28T00:00:00Z,142125
77185,SUPPLIERRATE,ocds-9t57fa-142151,ocds-9t57fa-142151-2025-11-28T00:00:00Z,142151
77189,LEXISNEXIS,ocds-9t57fa-142151,ocds-9t57fa-142151-2025-11-28T00:00:00Z,142151
28566,DITLOU TSA MOLONGOANA,ocds-9t57fa-142149,ocds-9t57fa-142149-2025-11-28T00:00:00Z,142149
28564,DARIOWIZ,ocds-9t57fa-142149,ocds-9t57fa-142149-2025-11-28T00:00:00Z,142149
34743,COLUMBIA FALLS PROPERTIES 80,ocds-9t57fa-142497,ocds-9t57fa-142497-2025-12-05T00:00:00Z,142497
40220,PHAKAMIHLE TRADING,ocds-9t57fa-142684,ocds-9t57fa-142684-2025-12-05T00:00:00Z,142684
40223,T AND N CONTRACTORS,ocds-9t57fa-142684,ocds-9t57fa-142684-2025-12-05T00:00:00Z,142684
33621,WACO AFRICA,ocds-9t57fa-142714,ocds-9t57fa-142714-2025-12-05T00:00:00Z,142714
62120,AMANDLA LIFTING SOLUTIONS,ocds-9t57fa-142731,ocds-9t57fa-142731-2025-12-05T00:00:00Z,142731
45374,LATHISO CONSULTING ENGINEERS,ocds-9t57fa-142792,ocds-9t57fa-142792-2025-12-05T00:00:00Z,142792
45376,ILIFA AFRICA ENGINEERS,ocds-9t57fa-142792,ocds-9t57fa-142792-2025-12-05T00:00:00Z,142792
33755,KHUMZI INVESTMENTS,ocds-9t57fa-142807,ocds-9t57fa-142807-2025-12-05T00:00:00Z,142807
34663,MAJAMANGEZAKHE TRANSPORT AND PROJECTS,ocds-9t57fa-142826,ocds-9t57fa-142826-2025-12-05T00:00:00Z,142826
39074,DNN TECHNOLOGIES,ocds-9t57fa-142822,ocds-9t57fa-142822-2025-12-06T00:00:00Z,142822
39107,INFOTECH INTEGRATED SOLUTIONS,ocds-9t57fa-142822,ocds-9t57fa-142822-2025-12-06T00:00:00Z,142822
32108,ZAMIL ENGINEERS AND CONSTRUCTORS,ocds-9t57fa-142844,ocds-9t57fa-142844-2025-12-05T00:00:00Z,142844
32100,SEBATA-SEBATANA BUSINESS ENTERPRISE,ocds-9t57fa-142844,ocds-9t57fa-142844-2025-12-05T00:00:00Z,142844
88684,KEFG,ocds-9t57fa-143139,ocds-9t57fa-143139-2025-12-12T00:00:00Z,143139
34593,THEPA TRADING 582,ocds-9t57fa-143273,ocds-9t57fa-143273-2025-12-12T00:00:00Z,143273
35731,AURORA SOURCING AND TRADING 1,ocds-9t57fa-143273,ocds-9t57fa-143273-2025-12-12T00:00:00Z,143273
34504,MOJATAU GENERAL TRADING,ocds-9t57fa-143273,ocds-9t57fa-143273-2025-12-12T00:00:00Z,143273
48325,MC AND CHK HOLDINGS,ocds-9t57fa-143368,ocds-9t57fa-143368-2025-12-12T00:00:00Z,143368
39234,BE-SURE EVENTS SOLUTIONS,ocds-9t57fa-143415,ocds-9t57fa-143415-2025-12-12T00:00:00Z,143415
36214,TTR INFRASTRUCTURE DEVELOPERS,ocds-9t57fa-143416,ocds-9t57fa-143416-2025-12-12T00:00:00Z,143416
36221,IMVU CONSTRUCTION GROUP,ocds-9t57fa-143416,ocds-9t57fa-143416-2025-12-12T00:00:00Z,143416
43018,ARGIVAH D INVESTMENTS,ocds-9t57fa-143453,ocds-9t57fa-143453-2025-12-12T00:00:00Z,143453
74112,RIZVI DEVELOPERS,ocds-9t57fa-143462,ocds-9t57fa-143462-2025-12-12T00:00:00Z,143462
33669,GLAMARO,ocds-9t57fa-143515,ocds-9t57fa-143515-2025-12-12T00:00:00Z,143515
33673,CAPS M TRADING AND PROJECTS,ocds-9t57fa-143515,ocds-9t57fa-143515-2025-12-12T00:00:00Z,143515
34209,BALLUVIKA HOLDINGS,ocds-9t57fa-143539,ocds-9t57fa-143539-2025-12-12T00:00:00Z,143539
32238,SOUND STYLISTS PRODUCTIONS,ocds-9t57fa-143538,ocds-9t57fa-143538-2025-12-12T00:00:00Z,143538
35993,THAPE MEDIA,ocds-9t57fa-143538,ocds-9t57fa-143538-2025-12-12T00:00:00Z,143538
32649,METSI LE MEAHO CONSTRUCTION AND PROJECTS,ocds-9t57fa-143559,ocds-9t57fa-143559-2025-12-12T00:00:00Z,143559
45898,NLG GROUP,ocds-9t57fa-143812,ocds-9t57fa-143812-2025-12-17T00:00:00Z,143812
30386,SPOORMAKER AND PARTNERS,ocds-9t57fa-145345,ocds-9t57fa-145345-2025-05-30T00:00:00Z,145345
32971,BLACK FAMA HOUSE,ocds-9t57fa-146063,ocds-9t57fa-146063-2025-11-28T00:00:00Z,146063
33000,KC AND SC SON TRADING ENTERPRISE,ocds-9t57fa-146063,ocds-9t57fa-146063-2025-11-28T00:00:00Z,146063
33017,MOMOZAR,ocds-9t57fa-146063,ocds-9t57fa-146063-2025-11-28T00:00:00Z,146063
33026,NDLOVU AND CO INVESTMENTS,ocds-9t57fa-146063,ocds-9t57fa-146063-2025-11-28T00:00:00Z,146063
63802,PHAKAMISA CONSTRUCTION AND SERVICES,ocds-9t57fa-150332,ocds-9t57fa-150332-2025-08-29T00:00:00Z,150332
63844,WONGA TRADING,ocds-9t57fa-150332,ocds-9t57fa-150332-2025-08-29T00:00:00Z,150332
69529,ENTERPRISES UNIVERSITY OF PRETORIA,ocds-9t57fa-151263,ocds-9t57fa-151263-2025-12-05T00:00:00Z,151263
91429,ADVANCENET IT SERVICES,ocds-9t57fa-154749,ocds-9t57fa-154749-2025-08-01T00:00:00Z,154749
23929,Philtech Projects,ocds-9t57fa-112407,ocds-9t57fa-112407-2025-01-23T00:00:00Z,112407
24686,"Tornilas Atlas, Gabriel and Michael, Orion Development Projects, Assent Group, Vicfhatu Genereal Trading, Prolinea Office Furniture, Lutak Consulting, Heico Project Management, Riyakona Innovation, Hoho General Trading",ocds-9t57fa-115395,ocds-9t57fa-115395-2025-02-21T00:00:00Z,115395
26117,MAAA0304034 - (PICTURE HANGING PROS),ocds-9t57fa-116016,ocds-9t57fa-116016-2025-02-27T00:00:00Z,116016
24398,MAAA0843044 - (VESSEL AND AIR SERVICES),ocds-9t57fa-117433,ocds-9t57fa-117433-2025-03-13T00:00:00Z,117433
24335,MAAA0070396 - (SWIFT SILLIKER),ocds-9t57fa-118821,ocds-9t57fa-118821-2025-03-07T00:00:00Z,118821
24778,THE STANDARD BANK OF SA LTD,ocds-9t57fa-119279,ocds-9t57fa-119279-2025-04-04T00:00:00Z,119279
24479,MAAA0382978 - (KBMO),ocds-9t57fa-119594,ocds-9t57fa-119594-2025-03-07T00:00:00Z,119594
25426,Swift Silliker (Pty) Ltd t/a Merieux NutriSciences,ocds-9t57fa-123893,ocds-9t57fa-123893-2025-05-30T00:00:00Z,123893
27526,Reality wellness Group R 9 884 245.10; Care works (PTY)LTD R 56 747 088.00; Risa & Pre Emp JV R 12 833 003.73;Therapy on the go PTY LTD  R 12 751 597.50; Kefilwe Mojapelo R 12 361 840.00; Arabella Healthcare R 14 568 862.00; RSMP Trading PTY LTD R 22 169 079.75; LYRA Southern Africa  R 23 701 419.05; Workforce Health care  R 29 866 728.55    ,ocds-9t57fa-124456,ocds-9t57fa-124456-2025-06-06T00:00:00Z,124456
25855,Eli Strowh,ocds-9t57fa-127035,ocds-9t57fa-127035-2025-07-04T00:00:00Z,127035
26197,"Stellmed, Stellenbosch University",ocds-9t57fa-127157,ocds-9t57fa-127157-2025-07-11T00:00:00Z,127157
26242,Jan and Parners (Pty) Ltd,ocds-9t57fa-128912,ocds-9t57fa-128912-2025-07-25T00:00:00Z,128912
26939,MAAA0037388 - (LEXISNEXIS),ocds-9t57fa-130070,ocds-9t57fa-130070-2025-08-07T00:00:00Z,130070
26507,"Eyethu ESD Catalyst Pty Ltd, Leisa Consulting Pty Ltd ,Zivoli Group Partners, Letsema Pty Ltd, AAA BEEE Verification, BEE Online Advisory, Synergy Transformation Solutions, Unyazi Consulting, Transformex CC, BEE 23, MSCT BEE Services Pty Ltd,Meliora Business Development Solutions,BEEVER Angency Pty Ltd  And Empowerdex Research and Advisory.",ocds-9t57fa-130120,ocds-9t57fa-130120-2025-08-08T00:00:00Z,130120
26439,MAAA0023122 - (GENBIZ TRADING 1001)  T/A XEROX EASTERN CAPE               R1 239 949.08,ocds-9t57fa-130143,ocds-9t57fa-130143-2025-08-08T00:00:00Z,130143
26116,MAAA1233614 - (LEANOLABOPHIRIMA ENTERPRISE),ocds-9t57fa-130222,ocds-9t57fa-130222-2025-06-20T00:00:00Z,130222
26115,MAAA0182490 - (TSHEPO YARONA SUPPLIES),ocds-9t57fa-130221,ocds-9t57fa-130221-2025-05-30T00:00:00Z,130221
23509,Tenox Management Consultancy  Inc.,ocds-9t57fa-112517,ocds-9t57fa-112517-2025-01-23T00:00:00Z,112517
34506,BONOFE HOLDINGS,ocds-9t57fa-113310,ocds-9t57fa-113310-2025-01-31T00:00:00Z,113310
23991,MAAA0012670 - (PATRICE ROPE WORKS),ocds-9t57fa-115440,ocds-9t57fa-115440-2025-02-21T00:00:00Z,115440
24777,Good Hope Textile Cooperation t/a Da Gama Textiles,ocds-9t57fa-116204,ocds-9t57fa-116204-2025-02-28T00:00:00Z,116204
24136,Blue Networks and Infrastructure (Pty) Ltd,ocds-9t57fa-116697,ocds-9t57fa-116697-2025-03-06T00:00:00Z,116697
38473,Capswancruse Trust,ocds-9t57fa-120445,ocds-9t57fa-120445-2025-04-17T00:00:00Z,120445
25075,Ham and Sha pty ltd,ocds-9t57fa-121224,ocds-9t57fa-121224-2025-05-02T00:00:00Z,121224
25489,MAAA0020782 - (PROTEA ELECTRONICS),ocds-9t57fa-124384,ocds-9t57fa-124384-2025-06-06T00:00:00Z,124384
25538,NXILIMAQONGA (PTY) LTD,ocds-9t57fa-124494,ocds-9t57fa-124494-2025-06-06T00:00:00Z,124494
25397,MAAA0315683 - (DOCULAM),ocds-9t57fa-125972,ocds-9t57fa-125972-2025-05-30T00:00:00Z,125972
27088,CARL ZEISS PTY LIMITED,ocds-9t57fa-126961,ocds-9t57fa-126961-2025-07-04T00:00:00Z,126961
25920,MAAA0005567 - (HLT ADVISORS),ocds-9t57fa-127028,ocds-9t57fa-127028-2025-07-04T00:00:00Z,127028
27683,MAAA0072157- TS GROUP,ocds-9t57fa-130137,ocds-9t57fa-130137-2025-08-08T00:00:00Z,130137
26215,Red Arrow Casting,ocds-9t57fa-130178,ocds-9t57fa-130178-2025-08-08T00:00:00Z,130178
36051,KIZANI TRADING ENTERPRISE,ocds-9t57fa-132382,ocds-9t57fa-132382-2025-08-29T00:00:00Z,132382
27167,OTS Investment ,ocds-9t57fa-135029,ocds-9t57fa-135029-2025-09-26T00:00:00Z,135029
27712,MAAA0219001 - (AMANDLELA ENGINEERS AND SAFETY CONSULTANTS),ocds-9t57fa-137168,ocds-9t57fa-137168-2025-10-17T00:00:00Z,137168
36852,WISPERNET,ocds-9t57fa-137904,ocds-9t57fa-137904-2025-10-24T00:00:00Z,137904
38516,OLIVER TECHNICAL SERVICES,ocds-9t57fa-137966,ocds-9t57fa-137966-2025-10-24T00:00:00Z,137966
33878,VEENA KANDHAI,ocds-9t57fa-140020,ocds-9t57fa-140020-2025-11-15T00:00:00Z,140020
33323,BLUEBERRY TRAVEL,ocds-9t57fa-141347,ocds-9t57fa-141347-2025-11-22T00:00:00Z,141347
33626,ENSEMBLE SECURITY SERVICES,ocds-9t57fa-142715,ocds-9t57fa-142715-2025-12-05T00:00:00Z,142715
31891,AGILITY BUSINESS SOLUTIONS,ocds-9t57fa-145795,ocds-9t57fa-145795-2025-10-23T00:00:00Z,145795
36136,IMVUBIZ,ocds-9t57fa-147059,ocds-9t57fa-147059-2025-08-21T00:00:00Z,147059
24035,Sun Bell Trade and Invest (Pty) Ltd,ocds-9t57fa-114786,ocds-9t57fa-114786-2025-02-14T00:00:00Z,114786
57743,020 CIVIL  ENGINEERING CONSTRUCTION,ocds-9t57fa-132298,ocds-9t57fa-132298-2025-08-29T00:00:00Z,132298
48164,Home Affairs - Government Printing Works,ocds-9t57fa-149395,ocds-9t57fa-149395-2025-04-25T00:00:00Z,149395
24474,Unique Hydra ( Pty) Ltd ,ocds-9t57fa-117436,ocds-9t57fa-117436-2025-03-13T00:00:00Z,117436
24409,MAAA1323817 - (IISC),ocds-9t57fa-118087,ocds-9t57fa-118087-2025-03-20T00:00:00Z,118087
25201,Mamepe Energy (PtY)Ltd Jv Moholoheng Executive Enterprise (Pty) Ltd,ocds-9t57fa-121631,ocds-9t57fa-121631-2025-05-08T00:00:00Z,121631
24835,Soyamba trading enterprise,ocds-9t57fa-112579,ocds-9t57fa-112579-2025-01-24T00:00:00Z,112579
23734,MAAA0793617 - DRN GLOBAL TRADING,ocds-9t57fa-112579,ocds-9t57fa-112579-2025-01-24T00:00:00Z,112579
25257,Biccardstraat Trust,ocds-9t57fa-113312,ocds-9t57fa-113312-2025-01-31T00:00:00Z,113312
25259,Itu Visions,ocds-9t57fa-113312,ocds-9t57fa-113312-2025-01-31T00:00:00Z,113312
25143,MAAA0170085 - (HIDRO-TECH SYSTEMS),ocds-9t57fa-114799,ocds-9t57fa-114799-2025-02-14T00:00:00Z,114799
24168,IN2IT Technologies 	,ocds-9t57fa-114822,ocds-9t57fa-114822-2025-02-14T00:00:00Z,114822
24173,BCX	,ocds-9t57fa-114822,ocds-9t57fa-114822-2025-02-14T00:00:00Z,114822
25735,Adistra Properties (PTY)LTD,ocds-9t57fa-115542,ocds-9t57fa-115542-2025-02-21T00:00:00Z,115542
88896,MANYORA CONSULTING AND PROJECTS,ocds-9t57fa-115593,ocds-9t57fa-115593-2025-02-22T00:00:00Z,115593
24565,Dinabi Beleggings BK,ocds-9t57fa-116934,ocds-9t57fa-116934-2025-03-07T00:00:00Z,116934
24566,Naudestraat 24 Bethlehem Trust,ocds-9t57fa-116934,ocds-9t57fa-116934-2025-03-07T00:00:00Z,116934
24586,MAAA0317025 - (MABALENGWE ENGINEERS),ocds-9t57fa-116957,ocds-9t57fa-116957-2025-03-07T00:00:00Z,116957
24587,MAAA0108309 - (Talbot & Talbot (Pty) Ltd),ocds-9t57fa-116957,ocds-9t57fa-116957-2025-03-07T00:00:00Z,116957
26562,MAAA0027604 - (SA FIRE WATCH),ocds-9t57fa-117541,ocds-9t57fa-117541-2025-03-14T00:00:00Z,117541
26565,MAAA0064835 - (PIEZO CORP),ocds-9t57fa-117541,ocds-9t57fa-117541-2025-03-14T00:00:00Z,117541
24405,MAAA0092124 - (ILLIZWE ENGINEERING),ocds-9t57fa-118024,ocds-9t57fa-118024-2025-03-20T00:00:00Z,118024
24408,MAAA1086671 - (AMANDLA LIFTING SOLUTIONS),ocds-9t57fa-118024,ocds-9t57fa-118024-2025-03-20T00:00:00Z,118024
89796,KWEMAKHOLO GROUP,ocds-9t57fa-121664,ocds-9t57fa-121664-2025-05-08T00:00:00Z,121664
25308,Sharp Eye Security and Construction Services,ocds-9t57fa-122306,ocds-9t57fa-122306-2025-05-16T00:00:00Z,122306
25624,Thuma Mina Road Signs (Pty) Ltd,ocds-9t57fa-123070,ocds-9t57fa-123070-2025-05-23T00:00:00Z,123070
25622,Western Cape Signs CC,ocds-9t57fa-123070,ocds-9t57fa-123070-2025-05-23T00:00:00Z,123070
25451,Optimi Workplace (PTY) Ltd ,ocds-9t57fa-123116,ocds-9t57fa-123116-2025-05-23T00:00:00Z,123116
25452,Fachs Business Consulting and Training,ocds-9t57fa-123116,ocds-9t57fa-123116-2025-05-23T00:00:00Z,123116
25456,Rilascan Asiyeethafeni ,ocds-9t57fa-123116,ocds-9t57fa-123116-2025-05-23T00:00:00Z,123116
25639,bohemiamarket.,ocds-9t57fa-123195,ocds-9t57fa-123195-2025-05-23T00:00:00Z,123195
27437,"Bohemia Market CZ, s.r.o.",ocds-9t57fa-123195,ocds-9t57fa-123195-2025-05-23T00:00:00Z,123195
25600,ZELPY 1325 (PTY) LTD,ocds-9t57fa-123766,ocds-9t57fa-123766-2025-05-30T00:00:00Z,123766
25469,Estate Late Lynette Mulder ,ocds-9t57fa-123811,ocds-9t57fa-123811-2025-05-30T00:00:00Z,123811
63316,NETID,ocds-9t57fa-124381,ocds-9t57fa-124381-2025-06-06T00:00:00Z,124381
25673,MAAA0685535 - (SUNRISE MULTI FRANCHISE),ocds-9t57fa-125044,ocds-9t57fa-125044-2025-06-13T00:00:00Z,125044
25813,MAAA0078575 - (COLUMBIA FALLS PROPERTIES 80),ocds-9t57fa-125065,ocds-9t57fa-125065-2025-06-13T00:00:00Z,125065
25773,Neil Lyners and Associates (Pty) Ltd,ocds-9t57fa-125126,ocds-9t57fa-125126-2025-06-13T00:00:00Z,125126
25777,IX Engineers (Pty) Ltd,ocds-9t57fa-125126,ocds-9t57fa-125126-2025-06-13T00:00:00Z,125126
98196,GENREV GROUP,ocds-9t57fa-126122,ocds-9t57fa-126122-2025-06-26T00:00:00Z,126122
26289,MAAA0793563 - (AQUEOUS CLEANING SERVICES),ocds-9t57fa-127499,ocds-9t57fa-127499-2025-07-18T00:00:00Z,127499
35818,RAINBOW CIVILS,ocds-9t57fa-127566,ocds-9t57fa-127566-2025-07-11T00:00:00Z,127566
35825,SINAWE BUILDING AND CONSTRUCTION WORKERS,ocds-9t57fa-127566,ocds-9t57fa-127566-2025-07-11T00:00:00Z,127566
35829,ROADMAC SURFACING CAPE,ocds-9t57fa-127566,ocds-9t57fa-127566-2025-07-11T00:00:00Z,127566
35822,HOLOBYE TRADING 2,ocds-9t57fa-127566,ocds-9t57fa-127566-2025-07-11T00:00:00Z,127566
35705,MATIKO HOLDINGS,ocds-9t57fa-127578,ocds-9t57fa-127578-2025-07-11T00:00:00Z,127578
35707,MAHCON,ocds-9t57fa-127578,ocds-9t57fa-127578-2025-07-11T00:00:00Z,127578
35713,IKOTSHOLO TRADING AND PROJECTS,ocds-9t57fa-127578,ocds-9t57fa-127578-2025-07-11T00:00:00Z,127578
35714,ACTOPHAMBILI ROADS,ocds-9t57fa-127578,ocds-9t57fa-127578-2025-07-11T00:00:00Z,127578
26522,TMT Services and supplies (Pty) Ltd,ocds-9t57fa-128782,ocds-9t57fa-128782-2025-07-25T00:00:00Z,128782
26354,MAAA0825274 - KIGO TRADING,ocds-9t57fa-128914,ocds-9t57fa-128914-2025-07-25T00:00:00Z,128914
26361,MAAA0075975 - SAVYON BUILDING,ocds-9t57fa-128914,ocds-9t57fa-128914-2025-07-25T00:00:00Z,128914
25861,Kopanang Intelligent Solutions,ocds-9t57fa-128918,ocds-9t57fa-128918-2025-07-25T00:00:00Z,128918
26273,AG Guards (Pty) Ltd,ocds-9t57fa-129990,ocds-9t57fa-129990-2025-08-07T00:00:00Z,129990
26711,DNK JV Yandintando,ocds-9t57fa-130169,ocds-9t57fa-130169-2025-08-08T00:00:00Z,130169
26715,Mazule Properties cc,ocds-9t57fa-130169,ocds-9t57fa-130169-2025-08-08T00:00:00Z,130169
26712,The Ahmed Memon Family Trust,ocds-9t57fa-130169,ocds-9t57fa-130169-2025-08-08T00:00:00Z,130169
26623,INFRA CHAMPS CONSULTING  R 5 676 975.00,ocds-9t57fa-130725,ocds-9t57fa-130725-2025-08-14T00:00:00Z,130725
26782,Baile Phoka Projects,ocds-9t57fa-131448,ocds-9t57fa-131448-2025-08-21T00:00:00Z,131448
86387,SOUTHERN AFRICA FAULT LOCATION,ocds-9t57fa-131547,ocds-9t57fa-131547-2025-08-22T00:00:00Z,131547
27445,Matlala Group (Pty) Ltd,ocds-9t57fa-131709,ocds-9t57fa-131709-2025-08-22T00:00:00Z,131709
26647,Matlala Group (Pty) Ltd,ocds-9t57fa-131709,ocds-9t57fa-131709-2025-08-22T00:00:00Z,131709
26648,Jurumani Solutions (Pty) Ltd t/a Tangent Solutions (Pty) Ltd,ocds-9t57fa-131709,ocds-9t57fa-131709-2025-08-22T00:00:00Z,131709
26872,MAAA0026918 - (ALUMANYE),ocds-9t57fa-132145,ocds-9t57fa-132145-2025-08-29T00:00:00Z,132145
26869,MAAA0004106 - (COCOPAN),ocds-9t57fa-132145,ocds-9t57fa-132145-2025-08-29T00:00:00Z,132145
26878,MAAA0961690 - (M AND A RECRUITMENT AND CONSULTING SERVICES),ocds-9t57fa-132145,ocds-9t57fa-132145-2025-08-29T00:00:00Z,132145
83698,TAMSAMQA CATERING AND GENERAL SERVICES,ocds-9t57fa-132324,ocds-9t57fa-132324-2025-08-29T00:00:00Z,132324
83699,HAPPY EAGLES TRADING 14,ocds-9t57fa-132324,ocds-9t57fa-132324-2025-08-29T00:00:00Z,132324
83701,MURAFHO CONSULTING,ocds-9t57fa-132324,ocds-9t57fa-132324-2025-08-29T00:00:00Z,132324
95360,N10 PLANT HIRE AND CONSTRUCTION,ocds-9t57fa-132865,ocds-9t57fa-132865-2025-09-04T00:00:00Z,132865
75998,MASAHANGE TRADING AND PROJECTS,ocds-9t57fa-134421,ocds-9t57fa-134421-2025-09-19T00:00:00Z,134421
76016,TAWA TAKU INVESTMENTS,ocds-9t57fa-134421,ocds-9t57fa-134421-2025-09-19T00:00:00Z,134421
76019,LIYEMA CIVILS AND PLANT HIRE,ocds-9t57fa-134421,ocds-9t57fa-134421-2025-09-19T00:00:00Z,134421
76262,MNANGWE NO NCILASHE,ocds-9t57fa-134431,ocds-9t57fa-134431-2025-09-19T00:00:00Z,134431
76272,CLAVIER TRADING,ocds-9t57fa-134431,ocds-9t57fa-134431-2025-09-19T00:00:00Z,134431
76277,MOLOOK'S CIVILS,ocds-9t57fa-134431,ocds-9t57fa-134431-2025-09-19T00:00:00Z,134431
76274,MM INDUSTRIES,ocds-9t57fa-134431,ocds-9t57fa-134431-2025-09-19T00:00:00Z,134431
76271,MASIBONE TRADING ENTERPRISE,ocds-9t57fa-134431,ocds-9t57fa-134431-2025-09-19T00:00:00Z,134431
27431,MAAA0274788 - (THOBILEM BUILDING CONSTRUCTION),ocds-9t57fa-135742,ocds-9t57fa-135742-2025-10-03T00:00:00Z,135742
27523,HBC Construction (Pty) Ltd,ocds-9t57fa-135733,ocds-9t57fa-135733-2025-10-03T00:00:00Z,135733
27521,Hemipac Investments (Pty) Ltd,ocds-9t57fa-135733,ocds-9t57fa-135733-2025-10-03T00:00:00Z,135733
27522,Hemipac Investments (Pty) Ltd,ocds-9t57fa-135733,ocds-9t57fa-135733-2025-10-03T00:00:00Z,135733
67433,COMMERCIAL COLD STORAGE (PORTS),ocds-9t57fa-135767,ocds-9t57fa-135767-2025-10-03T00:00:00Z,135767
67434,BAL SA,ocds-9t57fa-135767,ocds-9t57fa-135767-2025-10-03T00:00:00Z,135767
100931,ROB DYER SURGICAL,ocds-9t57fa-136511,ocds-9t57fa-136511-2025-10-10T00:00:00Z,136511
100932,SUGAR CREEK TRADING 29,ocds-9t57fa-136511,ocds-9t57fa-136511-2025-10-10T00:00:00Z,136511
80393,NOTHULE SOLUTIONS,ocds-9t57fa-137300,ocds-9t57fa-137300-2025-10-17T00:00:00Z,137300
80390,PHATSIMO MANAGEMENT CONSULTANTS,ocds-9t57fa-137300,ocds-9t57fa-137300-2025-10-17T00:00:00Z,137300
27692,MAAA1260396 - (THE SKILLS DEVELOPMENT CORPORATION PRIVATE),ocds-9t57fa-137792,ocds-9t57fa-137792-2025-10-23T00:00:00Z,137792
27949,MAAA0079036 - (MARUNGANE PROJECTS),ocds-9t57fa-138670,ocds-9t57fa-138670-2025-10-31T00:00:00Z,138670
27910,Delta Property Fund Limited ,ocds-9t57fa-138727,ocds-9t57fa-138727-2025-10-31T00:00:00Z,138727
27908,Centpret Properties (Pty) Ltd,ocds-9t57fa-138727,ocds-9t57fa-138727-2025-10-31T00:00:00Z,138727
27911,Hemipac Investments (Pty) Ltd,ocds-9t57fa-138727,ocds-9t57fa-138727-2025-10-31T00:00:00Z,138727
45331,OPINIONATED BUSINESS SYSTEMS  GREY SECURITY SERVICES,ocds-9t57fa-138792,ocds-9t57fa-138792-2025-10-31T00:00:00Z,138792
31104,PREFORMED LINE PRODUCTS SOUTH AFRICA,ocds-9t57fa-139584,ocds-9t57fa-139584-2025-11-07T00:00:00Z,139584
31105,MORNACH HOLDINGS,ocds-9t57fa-139584,ocds-9t57fa-139584-2025-11-07T00:00:00Z,139584
30385,ACTOM,ocds-9t57fa-139698,ocds-9t57fa-139698-2025-11-07T00:00:00Z,139698
33895,ABEC ADVANCED INFRASTRUCTURE,ocds-9t57fa-140004,ocds-9t57fa-140004-2025-11-14T00:00:00Z,140004
28137,METROFILE,ocds-9t57fa-140206,ocds-9t57fa-140206-2025-11-14T00:00:00Z,140206
69758,CHAT CONNECTION ENTERPRISES,ocds-9t57fa-140513,ocds-9t57fa-140513-2025-11-14T00:00:00Z,140513
32338,KAI MA SERVICES,ocds-9t57fa-141112,ocds-9t57fa-141112-2025-11-22T00:00:00Z,141112
28618,ZENITH INTEGRATED AFRICA PROJECTS,ocds-9t57fa-141288,ocds-9t57fa-141288-2025-11-21T00:00:00Z,141288
28616,ENRICHMENT HOLDINGS,ocds-9t57fa-141288,ocds-9t57fa-141288-2025-11-21T00:00:00Z,141288
28628,DITSOANE TRADING AND PROJECTS,ocds-9t57fa-141288,ocds-9t57fa-141288-2025-11-21T00:00:00Z,141288
43046,NCM ENGINEERING SERVICES,ocds-9t57fa-141305,ocds-9t57fa-141305-2025-11-21T00:00:00Z,141305
43072,SANDULO123,ocds-9t57fa-141305,ocds-9t57fa-141305-2025-11-21T00:00:00Z,141305
43048,EDMAFLO,ocds-9t57fa-141305,ocds-9t57fa-141305-2025-11-21T00:00:00Z,141305
43084,JIKA BUSINESS SERVICES,ocds-9t57fa-141305,ocds-9t57fa-141305-2025-11-21T00:00:00Z,141305
33822,AMPCOR KHANYISA,ocds-9t57fa-141317,ocds-9t57fa-141317-2025-11-22T00:00:00Z,141317
28066,Lead and Solder Sales CC,ocds-9t57fa-141386,ocds-9t57fa-141386-2025-11-21T00:00:00Z,141386
32517,CKM DEVELOPERS,ocds-9t57fa-142010,ocds-9t57fa-142010-2025-11-28T00:00:00Z,142010
80692,THE GORDON GROUP,ocds-9t57fa-142068,ocds-9t57fa-142068-2025-11-28T00:00:00Z,142068
45293,MAPOTI SERVICES,ocds-9t57fa-142090,ocds-9t57fa-142090-2025-11-28T00:00:00Z,142090
45288,VHUSO GENERAL TRADING,ocds-9t57fa-142090,ocds-9t57fa-142090-2025-11-28T00:00:00Z,142090
45304,ROYALE P HOLDINGS,ocds-9t57fa-142090,ocds-9t57fa-142090-2025-11-28T00:00:00Z,142090
31855,MZANSI AFRIKA CONSULTING SERVICES,ocds-9t57fa-142112,ocds-9t57fa-142112-2025-11-28T00:00:00Z,142112
35289,SALIMA,ocds-9t57fa-142112,ocds-9t57fa-142112-2025-11-28T00:00:00Z,142112
29166,WORK DYNAMICS,ocds-9t57fa-142152,ocds-9t57fa-142152-2025-11-28T00:00:00Z,142152
29165,SKHUNYANA TRAINING CONSULTANTS,ocds-9t57fa-142152,ocds-9t57fa-142152-2025-11-28T00:00:00Z,142152
32375,WWP GROUP,ocds-9t57fa-142583,ocds-9t57fa-142583-2025-12-05T00:00:00Z,142583
67718,KNIGHT PIESOLD,ocds-9t57fa-142696,ocds-9t57fa-142696-2025-12-05T00:00:00Z,142696
67719,ECO ELEMENTUM,ocds-9t57fa-142696,ocds-9t57fa-142696-2025-12-05T00:00:00Z,142696
35555,BUYISTAR TRADING,ocds-9t57fa-142758,ocds-9t57fa-142758-2025-12-05T00:00:00Z,142758
60717,MVUA ENVIRO SOLUTIONS,ocds-9t57fa-142772,ocds-9t57fa-142772-2025-12-05T00:00:00Z,142772
28475,WORKFORCE HEALTHCARE,ocds-9t57fa-142825,ocds-9t57fa-142825-2025-12-05T00:00:00Z,142825
28208,BARONE BUDGE AND DOMINICK,ocds-9t57fa-142825,ocds-9t57fa-142825-2025-12-05T00:00:00Z,142825
31719,DATAPROOF COMMUNICATIONS,ocds-9t57fa-142823,ocds-9t57fa-142823-2025-12-05T00:00:00Z,142823
31724,QUALITATIVE INNOVATIVE SOLUTIONS,ocds-9t57fa-142823,ocds-9t57fa-142823-2025-12-05T00:00:00Z,142823
33778,KGOTLHETSA CONSULTING SERVICES,ocds-9t57fa-143188,ocds-9t57fa-143188-2025-12-12T00:00:00Z,143188
33227,NTSHIZA'S TECHNICAL SERVICES,ocds-9t57fa-143174,ocds-9t57fa-143174-2025-12-12T00:00:00Z,143174
33230,BUHLE THANDEKA TRANSPORT AND TRADING,ocds-9t57fa-143174,ocds-9t57fa-143174-2025-12-12T00:00:00Z,143174
33234,FELEGETSANG PROJECTS AND LOGISTICS,ocds-9t57fa-143174,ocds-9t57fa-143174-2025-12-12T00:00:00Z,143174
41892,MPOYANA LEDWABA,ocds-9t57fa-143387,ocds-9t57fa-143387-2025-12-12T00:00:00Z,143387
38687,JOEL INNOVATIONS TRADING,ocds-9t57fa-143388,ocds-9t57fa-143388-2025-12-12T00:00:00Z,143388
37053,ANOLOG,ocds-9t57fa-143436,ocds-9t57fa-143436-2025-12-12T00:00:00Z,143436
37058,ABAKHI DEVELOPMENTS AND CONSULTING,ocds-9t57fa-143436,ocds-9t57fa-143436-2025-12-12T00:00:00Z,143436
30235,HYPERSINGH FOOD MARKET,ocds-9t57fa-143439,ocds-9t57fa-143439-2025-12-12T00:00:00Z,143439
34492,SAB AND T ADVISORY SERVICES,ocds-9t57fa-143470,ocds-9t57fa-143470-2025-12-12T00:00:00Z,143470
34659,GREENFIELD SUSTAINABLE GROUP,ocds-9t57fa-143491,ocds-9t57fa-143491-2025-12-12T00:00:00Z,143491
61924,LAK AGENCY,ocds-9t57fa-143544,ocds-9t57fa-143544-2025-12-12T00:00:00Z,143544
34263,ZAPPARRATA GERING,ocds-9t57fa-143568,ocds-9t57fa-143568-2025-12-12T00:00:00Z,143568
45920,MAFIGO PROJECTS,ocds-9t57fa-143589,ocds-9t57fa-143589-2025-12-12T00:00:00Z,143589
45921,LIFA HOLDINGS,ocds-9t57fa-143589,ocds-9t57fa-143589-2025-12-12T00:00:00Z,143589
74695,THE ARCHITECTURAL OTHERS,ocds-9t57fa-143805,ocds-9t57fa-143805-2025-12-17T00:00:00Z,143805
74707,SOMIZ PROJECTS,ocds-9t57fa-143805,ocds-9t57fa-143805-2025-12-17T00:00:00Z,143805
64432,MARUMO MARIBE TRADING,ocds-9t57fa-143815,ocds-9t57fa-143815-2025-12-17T00:00:00Z,143815
64433,BATAU PROJECTS SOLUTIONS,ocds-9t57fa-143815,ocds-9t57fa-143815-2025-12-17T00:00:00Z,143815
77735,P A STATIONERS UPT,ocds-9t57fa-145535,ocds-9t57fa-145535-2025-10-31T00:00:00Z,145535
63849,PBA TRADING ENTERPRISE,ocds-9t57fa-150340,ocds-9t57fa-150340-2025-08-29T00:00:00Z,150340
93005,MMELA CAPITAL(RF),ocds-9t57fa-154874,ocds-9t57fa-154874-2025-02-21T00:00:00Z,154874
26806,1	iQserve(Pty) Ltd T/A EquityRT South Africa		 2	James And Doyle Business Trading		 3	Bloomberg Finance L.P		,ocds-9t57fa-131255,ocds-9t57fa-131255-2025-08-22T00:00:00Z,131255
25414,MAAA0012886,ocds-9t57fa-114816,ocds-9t57fa-114816-2025-02-14T00:00:00Z,114816
25727,Lezara Developments (PTY)LTD,ocds-9t57fa-115545,ocds-9t57fa-115545-2025-02-21T00:00:00Z,115545
24325,MAAA0095688 - (BUILDAGAIN PROJECTS 203),ocds-9t57fa-115984,ocds-9t57fa-115984-2025-02-27T00:00:00Z,115984
24571,MAAA0008129 - (LANTEK COMPUTERS),ocds-9t57fa-116940,ocds-9t57fa-116940-2025-03-07T00:00:00Z,116940
26677,MAAA0096935 - (SPRING FOREST TRADING 582),ocds-9t57fa-117536,ocds-9t57fa-117536-2025-03-14T00:00:00Z,117536
24517,Black Dot Property Consultants (Pty) Ltd,ocds-9t57fa-117616,ocds-9t57fa-117616-2025-03-14T00:00:00Z,117616
25594,MICHEM DYNAMICS (PTY) LTD,ocds-9t57fa-118103,ocds-9t57fa-118103-2025-03-20T00:00:00Z,118103
26151,MAAA0345543 - (ESSENTIAL SAFETY WEAR),ocds-9t57fa-118125,ocds-9t57fa-118125-2025-03-20T00:00:00Z,118125
24225,MAAA1360635 - (BRAND GUARD),ocds-9t57fa-118252,ocds-9t57fa-118252-2025-01-31T00:00:00Z,118252
25170,MAAA1531460 - (ELTOSIZE),ocds-9t57fa-119276,ocds-9t57fa-119276-2025-04-04T00:00:00Z,119276
25145,Nkwakhwa Holdings,ocds-9t57fa-121649,ocds-9t57fa-121649-2025-05-08T00:00:00Z,121649
25480,MAAA0011496 - (CAB HOLDINGS),ocds-9t57fa-123111,ocds-9t57fa-123111-2025-05-23T00:00:00Z,123111
25720,MAAA0037127 - (Stellenbosch University),ocds-9t57fa-124425,ocds-9t57fa-124425-2025-06-06T00:00:00Z,124425
25367,MAAA0153626 - (MUDANA),ocds-9t57fa-125619,ocds-9t57fa-125619-2025-05-09T00:00:00Z,125619
25858,Broadband SOC LTD,ocds-9t57fa-127034,ocds-9t57fa-127034-2025-07-04T00:00:00Z,127034
26656,AMAHLE AND WAMKE TRADING CC MAAA0100441,ocds-9t57fa-128102,ocds-9t57fa-128102-2025-07-18T00:00:00Z,128102
27374,MAAA0205773 - I4 WILDLIFE PTY LTD,ocds-9t57fa-128215,ocds-9t57fa-128215-2025-07-18T00:00:00Z,128215
26228,CM CONSORTIUM,ocds-9t57fa-128832,ocds-9t57fa-128832-2025-07-25T00:00:00Z,128832
26308,Life Health Solutions (Pty)Ltd,ocds-9t57fa-128849,ocds-9t57fa-128849-2025-07-25T00:00:00Z,128849
26240,Itu Visions,ocds-9t57fa-128911,ocds-9t57fa-128911-2025-07-25T00:00:00Z,128911
27097,MAAA0001390 - (LABOTEC),ocds-9t57fa-133852,ocds-9t57fa-133852-2025-09-12T00:00:00Z,133852
27451,MAAA0016590 - (SHERENO PRINTERS),ocds-9t57fa-134552,ocds-9t57fa-134552-2025-09-19T00:00:00Z,134552
27071,MAAA0081183 - (ENVIRONMENTAL IMPACT MANAGEMENT SERVICES),ocds-9t57fa-135038,ocds-9t57fa-135038-2025-09-26T00:00:00Z,135038
28060,International Assessment Centre (Pty)Ltd,ocds-9t57fa-141352,ocds-9t57fa-141352-2025-11-21T00:00:00Z,141352
23597,MAAA0017801 - VACUTEC,ocds-9t57fa-113300,ocds-9t57fa-113300-2025-01-31T00:00:00Z,113300
23805,MAAA1369468 - (RSM SA CONSULTING),ocds-9t57fa-113308,ocds-9t57fa-113308-2025-01-31T00:00:00Z,113308
24030,MAAA0151603 - (SEANEGO ATTORNEYS),ocds-9t57fa-115485,ocds-9t57fa-115485-2025-02-21T00:00:00Z,115485
26627,Cresta China,ocds-9t57fa-115975,ocds-9t57fa-115975-2025-02-27T00:00:00Z,115975
25106,Old Mutual Life Assurance Company (SA) Ltd.,ocds-9t57fa-120541,ocds-9t57fa-120541-2025-04-17T00:00:00Z,120541
25929,RHEINMETALL DENEL MUNITION (RF),ocds-9t57fa-121771,ocds-9t57fa-121771-2025-05-09T00:00:00Z,121771
26551,MAAA0244521 - (AMANDLAGCF CONSTRUCTION),ocds-9t57fa-128794,ocds-9t57fa-128794-2025-07-25T00:00:00Z,128794
26833,1.	Xchange lanes t/a Xchange Travel  2.	Zimaza group of companies t/a Zimasa travel pty Ltd  3.	Exilite Holdings  4.	Ken Rose Travels  5.	Maikemisetso  6.	Astra Travel  7.	U4NIA Travel and Tours t/a U4NIA travel and tours pty Ltd  8.	BETEC  9.	Zilko Hospitality Africa t/a Zilko Tours & Travel  10.	Olebelo Travel management services   11.	Kim Travel Consultants  12.	Gemini Moon Trading 7 t/a XL Nexus Travel  13.Prime Apex,ocds-9t57fa-132282,ocds-9t57fa-132282-2025-08-29T00:00:00Z,132282
27343,"PSA global partners (pty) ltd,Walena Africa capital,Dananda talent, Pin point one, Six sense consulting, Baipushi armed security solutions, H&S labour brokers, To the T recruitment, Tafadza consulting, Leadership talent, Digital spaces alliance, Only recruitment, Nkala and daughters group, Makwani recruitment,  Powerpoint lifestyles, Makhado consulting, Access human solutions, Rapid recruiting, Talent cru (pty) Ltd, Afrizan, Tamdeco appointments (pty) Ltd, Bontle Consulting and services, Affirmative portfolios recruitment consultants, Mastech general trading, People dynamics, Tiana business consulting, Talent obsession, Khomelwa Consulting, Kamo placement cc, Phanda personnel, Amourverst group, Secondments (pty) ltd, Mogale solutions providers, Bontle motheo consulting, Lulama placements, JBM partners, Ditshaba management holdings, Prebless group (pty) ltd, Harmostar (pty) Ltd, Zanathi search group , Interdot solutions, Dustpro close corporation",ocds-9t57fa-136516,ocds-9t57fa-136516-2025-10-10T00:00:00Z,136516
27921,Columbia Falls Properties 80 (Pty) Ltd,ocds-9t57fa-138730,ocds-9t57fa-138730-2025-10-31T00:00:00Z,138730
28139,BARONE BUDGE AND DOMINICK,ocds-9t57fa-139686,ocds-9t57fa-139686-2025-11-07T00:00:00Z,139686
32944,KA-GUMBI COURIER AND FREIGHT,ocds-9t57fa-142716,ocds-9t57fa-142716-2025-12-05T00:00:00Z,142716
36157,REDROW CHAIRS,ocds-9t57fa-147082,ocds-9t57fa-147082-2025-08-15T00:00:00Z,147082
37634,WITHIN REACH TECHNOLOGY,ocds-9t57fa-147346,ocds-9t57fa-147346-2025-08-14T00:00:00Z,147346
48138,REATLEGILE ROTLHE ENTERPRISES,ocds-9t57fa-149369,ocds-9t57fa-149369-2025-10-10T00:00:00Z,149369
23746,Rathe Consulting,ocds-9t57fa-111872,ocds-9t57fa-111872-2025-01-17T00:00:00Z,111872
23745,s24 Business Group (Pty) Ltd ,ocds-9t57fa-111872,ocds-9t57fa-111872-2025-01-17T00:00:00Z,111872
23503,Struthers,ocds-9t57fa-112569,ocds-9t57fa-112569-2025-01-24T00:00:00Z,112569
23499,MAAA0319500 - (AFRICAN PROFICIENT MEDIA),ocds-9t57fa-112569,ocds-9t57fa-112569-2025-01-24T00:00:00Z,112569
23931,MAAA0716072 - (TEAMWORK RL),ocds-9t57fa-114059,ocds-9t57fa-114059-2025-02-07T00:00:00Z,114059
91238,THWALOKUHLE,ocds-9t57fa-114170,ocds-9t57fa-114170-2025-02-07T00:00:00Z,114170
24272,LE THUTHUKELA RECOVERIES CC,ocds-9t57fa-114895,ocds-9t57fa-114895-2025-02-14T00:00:00Z,114895
24402,MAAA0017388 - (RASSOL PROJECTS),ocds-9t57fa-116013,ocds-9t57fa-116013-2025-02-27T00:00:00Z,116013
24443,Karoo Vlakte Investments CC,ocds-9t57fa-116198,ocds-9t57fa-116198-2025-02-28T00:00:00Z,116198
24444,Epilite 164 CC,ocds-9t57fa-116198,ocds-9t57fa-116198-2025-02-28T00:00:00Z,116198
24622,LEPTON SCIENTIFIC MAAA0383172,ocds-9t57fa-116929,ocds-9t57fa-116929-2025-03-07T00:00:00Z,116929
24623,E C M TECHNOLOGIES MAAA0136025,ocds-9t57fa-116929,ocds-9t57fa-116929-2025-03-07T00:00:00Z,116929
24626,FORENSIC TOOLS MAAA0581543,ocds-9t57fa-116929,ocds-9t57fa-116929-2025-03-07T00:00:00Z,116929
24791,Envirocon Instrumentation,ocds-9t57fa-117596,ocds-9t57fa-117596-2025-03-14T00:00:00Z,117596
24790,C&M Consulting Engineers (Pty) Ltd,ocds-9t57fa-117596,ocds-9t57fa-117596-2025-03-14T00:00:00Z,117596
24792,Ero Electronics SA,ocds-9t57fa-117596,ocds-9t57fa-117596-2025-03-14T00:00:00Z,117596
24793,Group Effort Worx,ocds-9t57fa-117596,ocds-9t57fa-117596-2025-03-14T00:00:00Z,117596
25120,K BRAND TRADING ENTERPRISE,ocds-9t57fa-118711,ocds-9t57fa-118711-2025-03-28T00:00:00Z,118711
25121,Siraha Group ICT Redinfined,ocds-9t57fa-118711,ocds-9t57fa-118711-2025-03-28T00:00:00Z,118711
25124,Ramtech,ocds-9t57fa-118711,ocds-9t57fa-118711-2025-03-28T00:00:00Z,118711
25123,VC IT INSIGHT (PTY) LTD,ocds-9t57fa-118711,ocds-9t57fa-118711-2025-03-28T00:00:00Z,118711
25122,Nambiti Technologies,ocds-9t57fa-118711,ocds-9t57fa-118711-2025-03-28T00:00:00Z,118711
26248,MATUBAZ 321 TRADING T/A ORCHID MEDICAL,ocds-9t57fa-120057,ocds-9t57fa-120057-2025-04-11T00:00:00Z,120057
25151,IISC PTY LTD ,ocds-9t57fa-120464,ocds-9t57fa-120464-2025-04-17T00:00:00Z,120464
25153,Questel  SAS,ocds-9t57fa-120464,ocds-9t57fa-120464-2025-04-17T00:00:00Z,120464
25035,MAAA0013863 - (RAIN CHARTERED ACCOUNTANTS),ocds-9t57fa-120722,ocds-9t57fa-120722-2025-03-06T00:00:00Z,120722
25268,MAAA0036099 - (R-DATA),ocds-9t57fa-121226,ocds-9t57fa-121226-2025-05-02T00:00:00Z,121226
25181,Hill on empire Co-ownership,ocds-9t57fa-121657,ocds-9t57fa-121657-2025-05-08T00:00:00Z,121657
28040,IOCO SBT (Pty) Ltd,ocds-9t57fa-121752,ocds-9t57fa-121752-2025-05-09T00:00:00Z,121752
28046,MAAA0010066 - (IOCO SBT),ocds-9t57fa-121752,ocds-9t57fa-121752-2025-05-09T00:00:00Z,121752
83892,BBENERGY,ocds-9t57fa-123134,ocds-9t57fa-123134-2025-05-23T00:00:00Z,123134
83893,ACTOM,ocds-9t57fa-123134,ocds-9t57fa-123134-2025-05-23T00:00:00Z,123134
25364,MAAA0102863 - (C NGUBANE AND ASSOCIATES),ocds-9t57fa-123172,ocds-9t57fa-123172-2025-05-23T00:00:00Z,123172
25704,PEM Consulting Engineers (Pty) Ltd,ocds-9t57fa-123753,ocds-9t57fa-123753-2025-05-30T00:00:00Z,123753
25703,Mani-Industries,ocds-9t57fa-123753,ocds-9t57fa-123753-2025-05-30T00:00:00Z,123753
25707,Thabile Pridin JV,ocds-9t57fa-123753,ocds-9t57fa-123753-2025-05-30T00:00:00Z,123753
25705,BVI CONSULTING ENGINEERS,ocds-9t57fa-123753,ocds-9t57fa-123753-2025-05-30T00:00:00Z,123753
25465,Ero Electronics,ocds-9t57fa-123859,ocds-9t57fa-123859-2025-05-30T00:00:00Z,123859
25710,Alacrity Africa Projects (Pty) Ltd,ocds-9t57fa-125476,ocds-9t57fa-125476-2025-06-20T00:00:00Z,125476
25715,Pixykorner Studio (Pty) Ltd,ocds-9t57fa-125476,ocds-9t57fa-125476-2025-06-20T00:00:00Z,125476
25645,Ikasi Solutions (Pty) Ltd,ocds-9t57fa-125531,ocds-9t57fa-125531-2025-06-20T00:00:00Z,125531
25640,Oneway Technologies (Pty) Ltd,ocds-9t57fa-125531,ocds-9t57fa-125531-2025-06-20T00:00:00Z,125531
25817,MAAA0167597 - (OLEBAK),ocds-9t57fa-125578,ocds-9t57fa-125578-2025-06-20T00:00:00Z,125578
25815,MAAA0089635 - (MAHUMA GROUP),ocds-9t57fa-125578,ocds-9t57fa-125578-2025-06-20T00:00:00Z,125578
25962,MAAA0001793 - (AMABAMBA RECRUITMENT),ocds-9t57fa-126262,ocds-9t57fa-126262-2025-06-27T00:00:00Z,126262
25961,KAJINI INVESTMENTS 150 ,ocds-9t57fa-126262,ocds-9t57fa-126262-2025-06-27T00:00:00Z,126262
62332,NETSTAR,ocds-9t57fa-126308,ocds-9t57fa-126308-2025-06-27T00:00:00Z,126308
62331,BAGA MOKONE INVESTMENTS,ocds-9t57fa-126308,ocds-9t57fa-126308-2025-06-27T00:00:00Z,126308
25973,Ledile Trading,ocds-9t57fa-127033,ocds-9t57fa-127033-2025-07-04T00:00:00Z,127033
25971,Pitsi Ya Mabala Business Projects and General Trading,ocds-9t57fa-127033,ocds-9t57fa-127033-2025-07-04T00:00:00Z,127033
25975,Rooriv Construction,ocds-9t57fa-127033,ocds-9t57fa-127033-2025-07-04T00:00:00Z,127033
26056,RENDWA CONSULTING GROUP,ocds-9t57fa-127577,ocds-9t57fa-127577-2025-07-11T00:00:00Z,127577
97928,STRIVING MIND ENGINEERS AND CONTRACTORS,ocds-9t57fa-128784,ocds-9t57fa-128784-2025-07-25T00:00:00Z,128784
26436,The Selakele Trust,ocds-9t57fa-128897,ocds-9t57fa-128897-2025-07-25T00:00:00Z,128897
26716,Crystal Lagoon Investments 44 cc,ocds-9t57fa-130173,ocds-9t57fa-130173-2025-08-08T00:00:00Z,130173
26527,MAAA0089448 - (NGQUTURA TRANSPORT SERVICES),ocds-9t57fa-130863,ocds-9t57fa-130863-2025-08-15T00:00:00Z,130863
26533,MAAA0978732 - (AMAGASELA SECURITY AND CLEANING SERVICES),ocds-9t57fa-130863,ocds-9t57fa-130863-2025-08-15T00:00:00Z,130863
26651,The Luks Enterprise (Pty) Ltd,ocds-9t57fa-130936,ocds-9t57fa-130936-2025-08-15T00:00:00Z,130936
26649,Awenor Enterprise PTY Ltd,ocds-9t57fa-130936,ocds-9t57fa-130936-2025-08-15T00:00:00Z,130936
26807,Teamwork RL,ocds-9t57fa-131559,ocds-9t57fa-131559-2025-08-22T00:00:00Z,131559
26809,Nomsithi Trading ,ocds-9t57fa-131559,ocds-9t57fa-131559-2025-08-22T00:00:00Z,131559
26884,0001 MEDICAL PLANT AFRICA (Pty) Ltd 0002 WERKOMED (Pty) Ltd 0003 SAFARMEX (Pty) Ltd 0004 STAT TIAKENI MEDICAL (Pty) Ltd 0005 LUFUNO PROJECTS AND SUPPLY (Pty) Ltd 0006 VHAGWENA BUSINESS ENTERPRISE (Pty) Ltd 0007 EMPILWENI MANAGEMENT SOLUTIONS (Pty) Ltd 0008 MEDTEX SA (Pty) Ltd 0009 EVERGREEN LATEX CC 0010 ULWAZI RESOURCE CONSULTING (Pty) Ltd 0011 SIYONELISA OFFICE SOLUTIONS CC 0012 AUTHUNSIA HOLDING (Pty) Ltd 0013 CAREWELL HOLDINGS 5 (Pty) Ltd 0014 EYES HOLDINGS (Pty) Ltd 0015 GEN ANALYTICA (Pty) Ltd 0016 NYADZIWE (Pty) Ltd 0017 SINOTE MEDICAL (Pty) Ltd 0018 MELLO MEDICAL SUPPLIES (Pty) Ltd 0019 SP TSWELOPELE (Pty) Ltd 0020 ENDOMED MEDICAL & SURGICAL SUPPLIES (Pty) Ltd 0021 LIORA MEDICAL SUPPLIES CC 0022 TGM GROUP OF COMPANIES (Pty) Ltd 0023 LOOCON (Pty) Ltd 0024 MEDILAC GROUP (Pty) Ltd 0025 UNITRADE 1032 CC 0026 SURGI PLUS MEDICAL (Pty) Ltd 0027 BLISS MEDICAL 0028 RECORDI ENTERPRISES HOLDINGS (Pty) Ltd 0029 TOWER CITY TRADING 319 (Pty) Ltd 0030 SA HEALTH PROTECTING SERVICES CC 0031 TEAM FIVE TECHNOLOGIES (Pty) Ltd 0032 VENASHY (Pty) Ltd 0033 NTSHIZA'S TECHNICAL SERVICES CC 0034 LMD GROUP (Pty) Ltd 0035 PROMED TECHNOLOGIES (Pty) Ltd 0036 PHAAHLA WA HUNADI (Pty) Ltd 0037 TSR HOLDING CC 0038 LOGAN MEDICAL AND SURGICAL (Pty) Ltd,ocds-9t57fa-132076,ocds-9t57fa-132076-2025-08-29T00:00:00Z,132076
36443,MZUNQABA SECURITY AND CLEANING SERVICES,ocds-9t57fa-132166,ocds-9t57fa-132166-2025-09-19T00:00:00Z,132166
26745,MAAA0458895,ocds-9t57fa-132307,ocds-9t57fa-132307-2025-08-29T00:00:00Z,132307
26747,MAAA0011029,ocds-9t57fa-132307,ocds-9t57fa-132307-2025-08-29T00:00:00Z,132307
27328,CANEG Pty Ltd,ocds-9t57fa-132401,ocds-9t57fa-132401-2025-08-29T00:00:00Z,132401
27327,MAAA1483227 - (AIH CONSULTING),ocds-9t57fa-132401,ocds-9t57fa-132401-2025-08-29T00:00:00Z,132401
27330,MAAA1126592 - (DAA CAPITAL),ocds-9t57fa-132401,ocds-9t57fa-132401-2025-08-29T00:00:00Z,132401
27068,"001 Lerato and Moloko event Management (Pty Ltd) 0002 B Braun Medical (Pty Ltd) 0003 Jansen Pharmaceutica (Pty Ltd) 0004 Equity Pharmaceuticals (Pty Ltd) 0005 Sanofi-Aventis South Africa (Pty Ltd) 0006 Roche Diagnostics (Pty Ltd) 0007 Endomed Medical and Surgical Supplies (Pty Ltd) 0008 Dikwankwetla 213 (Pty Ltd) 0009 Respiratory Care Africa (Pty Ltd) 0010 Promed Technologies (Pty Ltd) 0011 RBC Pharmaceuticals (Pty Ltd) 0012 Acces Medical (Pty Ltd) 0013 Bioclin Solutions cc 0014 NDO Cyril General Trading and Projects (Pty Ltd) 0015 Fresenius Kabi South Africa (Pty Ltd) 0016 Kitty Kat Trading cc 0017 Greenwich Trading Company (Pty Ltd) 0018 Yavendi Logistics (Pty Ltd) 0019 Diverse Pharmaceuticals (Pty Ltd) 0020 Adcock Ingram Critical Care (Pty Ltd) 0021 Pharm acare (Pty Ltd) ,T/A Aspen Pharmacare 0022 Fedility and VM Medicals (Pty Ltd) 0023 Cospharm investments (Pty Ltd) 0024 ORB Diagnostics (Pty Ltd) 0025 Eko Medical Suppliers (Pty Ltd) 0026 Vital Life Medical Distributors (Pty Ltd) 0027 Hemocue South Africa (Pty Ltd) 0028 Mamoratwa Enterprise Bookshop catering and Social Consultancy (Pty Ltd) 0029 Tara Health Care (Pty Ltd) 0030 Lukhanyo Innovation Group (Pty Ltd) 0031 Humor Diagnostica (Pty Ltd)",ocds-9t57fa-132834,ocds-9t57fa-132834-2025-09-05T00:00:00Z,132834
26775,MAAA0007736 - (COMPASS MEDICAL WASTE SERVICES),ocds-9t57fa-132986,ocds-9t57fa-132986-2025-09-05T00:00:00Z,132986
87493,MOOTLWANA BUSINESS ENTERPRISE,ocds-9t57fa-133766,ocds-9t57fa-133766-2025-09-12T00:00:00Z,133766
87502,VEPRO TRADING ENTERPRISE,ocds-9t57fa-133766,ocds-9t57fa-133766-2025-09-12T00:00:00Z,133766
27670,MAAA - SIMHA TECHNOLOGIES (PTA)LTD,ocds-9t57fa-134422,ocds-9t57fa-134422-2025-09-19T00:00:00Z,134422
76529,SIYAJULUKA TRADING ENTERPRISES,ocds-9t57fa-134435,ocds-9t57fa-134435-2025-09-19T00:00:00Z,134435
76533,FAIRBAIRN TECHNOLOGIES,ocds-9t57fa-134435,ocds-9t57fa-134435-2025-09-19T00:00:00Z,134435
76540,OTTIS TRADING AND PROJECTS,ocds-9t57fa-134435,ocds-9t57fa-134435-2025-09-19T00:00:00Z,134435
76550,BIINDAR SA HOLDINGS,ocds-9t57fa-134435,ocds-9t57fa-134435-2025-09-19T00:00:00Z,134435
27488,MAAA0222216 - (DOEPA TRADING 36),ocds-9t57fa-135489,ocds-9t57fa-135489-2025-10-03T00:00:00Z,135489
27490,MAAA0851160,ocds-9t57fa-135489,ocds-9t57fa-135489-2025-10-03T00:00:00Z,135489
27980,Diopoint (Pty) Ltd,ocds-9t57fa-135840,ocds-9t57fa-135840-2025-10-03T00:00:00Z,135840
27564,MAAA0593422 - (ALTRON TMT),ocds-9t57fa-137167,ocds-9t57fa-137167-2025-10-17T00:00:00Z,137167
27517,MAAA0015914 - (SHONAQUIP),ocds-9t57fa-137229,ocds-9t57fa-137229-2025-10-17T00:00:00Z,137229
81259,ISF CONSTRUCTION SERVICES,ocds-9t57fa-137278,ocds-9t57fa-137278-2025-10-17T00:00:00Z,137278
81299,HAMSA CONSULTING ENGINEERS,ocds-9t57fa-137278,ocds-9t57fa-137278-2025-10-17T00:00:00Z,137278
81300,ADY EM TECHNICAL,ocds-9t57fa-137278,ocds-9t57fa-137278-2025-10-17T00:00:00Z,137278
86793,TIPPINGGATE BUSINESS SOLUTIONS,ocds-9t57fa-138032,ocds-9t57fa-138032-2025-10-24T00:00:00Z,138032
86795,CAMBLISH TRAINING INSTITUTE,ocds-9t57fa-138032,ocds-9t57fa-138032-2025-10-24T00:00:00Z,138032
27642,No.: BIDDER NAME 1. KINGA HOLDINGS 2. TONKANA HOLDINGS 3. AFRICAN PROFICIENT MEDIA 4. LERATO PR AND MARKETING AGENCY 5. MOOS MEDIA 6. KP INFORMATIVE TECHNOLOGIES 7. TLT COMMUNICATIONS,ocds-9t57fa-138422,ocds-9t57fa-138422-2025-10-31T00:00:00Z,138422
27923,Thabong Multipurpose Centre and Lodge,ocds-9t57fa-138732,ocds-9t57fa-138732-2025-10-31T00:00:00Z,138732
27922,Ketelelo Trading and Concepts (Pty) Ltd,ocds-9t57fa-138732,ocds-9t57fa-138732-2025-10-31T00:00:00Z,138732
81914,ADY EM TECHNICAL,ocds-9t57fa-138739,ocds-9t57fa-138739-2025-10-31T00:00:00Z,138739
67704,PROCONICS GENERAL OVERHAULS,ocds-9t57fa-139577,ocds-9t57fa-139577-2025-11-07T00:00:00Z,139577
67703,K2018239548 (SOUTH AFRICA),ocds-9t57fa-139577,ocds-9t57fa-139577-2025-11-07T00:00:00Z,139577
59212,CHINA STATE CONSTRUCTION ENGINEERING CORPORATION (SOUTH AFRICA),ocds-9t57fa-139606,ocds-9t57fa-139606-2025-11-07T00:00:00Z,139606
59211,VHARANANI PROPERTIES,ocds-9t57fa-139606,ocds-9t57fa-139606-2025-11-07T00:00:00Z,139606
59210,WBHO CONSTRUCTION,ocds-9t57fa-139606,ocds-9t57fa-139606-2025-11-07T00:00:00Z,139606
59214,MATANA GROUP,ocds-9t57fa-139606,ocds-9t57fa-139606-2025-11-07T00:00:00Z,139606
59215,LOOCON,ocds-9t57fa-139606,ocds-9t57fa-139606-2025-11-07T00:00:00Z,139606
33236,AFRICAN METERING SOLUTIONS,ocds-9t57fa-140016,ocds-9t57fa-140016-2025-11-15T00:00:00Z,140016
33937,FORTUNE MINERALS AND PROJECTS,ocds-9t57fa-140005,ocds-9t57fa-140005-2025-11-14T00:00:00Z,140005
83465,ACTOM,ocds-9t57fa-140394,ocds-9t57fa-140394-2025-11-14T00:00:00Z,140394
83472,VE RETICULATION,ocds-9t57fa-140394,ocds-9t57fa-140394-2025-11-14T00:00:00Z,140394
28124,BARONE BUDGE AND DOMINICK,ocds-9t57fa-140409,ocds-9t57fa-140409-2025-11-14T00:00:00Z,140409
46858,INDABUKO GROUP,ocds-9t57fa-140474,ocds-9t57fa-140474-2025-11-14T00:00:00Z,140474
46877,NKHOPHELE HOLDINGS,ocds-9t57fa-140474,ocds-9t57fa-140474-2025-11-14T00:00:00Z,140474
46883,TLOU TADIMA PROJECTS,ocds-9t57fa-140474,ocds-9t57fa-140474-2025-11-14T00:00:00Z,140474
28031,THE BATTLEFIELD (PTY) LTD MARKET IQ (PTY) LTD NEWSCLIP MEDIA MONITORING (PTY) LTD  NOVUS GROUP (PTY) LTD ,ocds-9t57fa-140550,ocds-9t57fa-140550-2025-11-14T00:00:00Z,140550
33963,AMANDLAGCF CONSTRUCTION,ocds-9t57fa-141125,ocds-9t57fa-141125-2025-11-22T00:00:00Z,141125
34061,MPUMENGALA ENTERPRISES,ocds-9t57fa-141259,ocds-9t57fa-141259-2025-11-21T00:00:00Z,141259
34064,MOBICAST BUILDING SUPPLIES,ocds-9t57fa-141259,ocds-9t57fa-141259-2025-11-21T00:00:00Z,141259
28526,ASANDE CHARTERED ACCOUNTANTS,ocds-9t57fa-141296,ocds-9t57fa-141296-2025-11-21T00:00:00Z,141296
28516,BAGAKA CONSULTING SERVICES,ocds-9t57fa-141296,ocds-9t57fa-141296-2025-11-21T00:00:00Z,141296
80521,SMELOKUHLE PROJECTS CONSULTANT,ocds-9t57fa-141319,ocds-9t57fa-141319-2025-11-21T00:00:00Z,141319
42558,IKHUZE PROJECTS,ocds-9t57fa-141314,ocds-9t57fa-141314-2025-11-21T00:00:00Z,141314
42578,MBUSO KAMTHEMBU TRADING,ocds-9t57fa-141314,ocds-9t57fa-141314-2025-11-21T00:00:00Z,141314
30237,EKHAYA SEARCH,ocds-9t57fa-141392,ocds-9t57fa-141392-2025-11-21T00:00:00Z,141392
30411,BAFO SECURITY AND PROJECTS,ocds-9t57fa-141409,ocds-9t57fa-141409-2025-11-21T00:00:00Z,141409
30417,ELDNA SECURITY SERVICES,ocds-9t57fa-141409,ocds-9t57fa-141409-2025-11-21T00:00:00Z,141409
30423,QUICK BOPHA SECURITY,ocds-9t57fa-141409,ocds-9t57fa-141409-2025-11-21T00:00:00Z,141409
30430,MK63 Security Services JV Promptique Trading 7 CC,ocds-9t57fa-141409,ocds-9t57fa-141409-2025-11-21T00:00:00Z,141409
30435,TAUDIGO SECURITY SERVICES,ocds-9t57fa-141409,ocds-9t57fa-141409-2025-11-21T00:00:00Z,141409
30441,GOGONTLE SECURITY AND MAINTANANCY SERVICES,ocds-9t57fa-141409,ocds-9t57fa-141409-2025-11-21T00:00:00Z,141409
30447,MR POPO PROTECTION SERVICES,ocds-9t57fa-141409,ocds-9t57fa-141409-2025-11-21T00:00:00Z,141409
34136,KUDON ENGINEERING SERVICES,ocds-9t57fa-141427,ocds-9t57fa-141427-2025-11-21T00:00:00Z,141427
37850,EXPECTRA 388,ocds-9t57fa-141442,ocds-9t57fa-141442-2025-11-21T00:00:00Z,141442
37849,MAHCON,ocds-9t57fa-141442,ocds-9t57fa-141442-2025-11-21T00:00:00Z,141442
32201,SMART GROUP CONSULTANTS,ocds-9t57fa-141681,ocds-9t57fa-141681-2025-11-28T00:00:00Z,141681
30205,CRONEC ENGINEERS,ocds-9t57fa-142018,ocds-9t57fa-142018-2025-11-28T00:00:00Z,142018
30211,NEXUS FORENSIC SERVICES,ocds-9t57fa-142018,ocds-9t57fa-142018-2025-11-28T00:00:00Z,142018
32408,M 2 R EVENTS MANAGEMENT 57,ocds-9t57fa-142589,ocds-9t57fa-142589-2025-12-05T00:00:00Z,142589
32421,AGAPE LMN EVENTS MANAGEMENT,ocds-9t57fa-142589,ocds-9t57fa-142589-2025-12-05T00:00:00Z,142589
33210,TIPP FOCUS HOLDINGS,ocds-9t57fa-142713,ocds-9t57fa-142713-2025-12-05T00:00:00Z,142713
65733,CRYSTAL PIER TRADING 148,ocds-9t57fa-142717,ocds-9t57fa-142717-2025-12-05T00:00:00Z,142717
65738,FORTIS PROCUREMENT,ocds-9t57fa-142717,ocds-9t57fa-142717-2025-12-05T00:00:00Z,142717
65743,BAKOENA BASEBETSANG TRADING ENTERPRISES,ocds-9t57fa-142717,ocds-9t57fa-142717-2025-12-05T00:00:00Z,142717
44223,BVI CONSULTING ENGINEERS KWAZULU-NATAL,ocds-9t57fa-142766,ocds-9t57fa-142766-2025-12-05T00:00:00Z,142766
36476,BAY LEAP TRADING 11,ocds-9t57fa-142821,ocds-9t57fa-142821-2025-12-05T00:00:00Z,142821
36482,JUST CHILLIN SESSIONS,ocds-9t57fa-142821,ocds-9t57fa-142821-2025-12-05T00:00:00Z,142821
36480,PURPLE SQUARE MEDIA,ocds-9t57fa-142821,ocds-9t57fa-142821-2025-12-05T00:00:00Z,142821
32063,1ST GEAR TRADING 117,ocds-9t57fa-142841,ocds-9t57fa-142841-2025-12-05T00:00:00Z,142841
31473,ATAYAH,ocds-9t57fa-142852,ocds-9t57fa-142852-2025-12-05T00:00:00Z,142852
31485,AFRICAN PROFICIENT MEDIA,ocds-9t57fa-142852,ocds-9t57fa-142852-2025-12-05T00:00:00Z,142852
31508,RETROLEX CONSULTANCY,ocds-9t57fa-142852,ocds-9t57fa-142852-2025-12-05T00:00:00Z,142852
63396,QUANDRILLION CAPITAL,ocds-9t57fa-143324,ocds-9t57fa-143324-2025-12-12T00:00:00Z,143324
41823,MATIMANA TRADING AND PROJECTS,ocds-9t57fa-143389,ocds-9t57fa-143389-2025-12-12T00:00:00Z,143389
30934,NOKWASHA CONSTRUCTION,ocds-9t57fa-143427,ocds-9t57fa-143427-2025-12-12T00:00:00Z,143427
81190,AFRICAN PROFICIENT SOFTWARE,ocds-9t57fa-143477,ocds-9t57fa-143477-2025-12-12T00:00:00Z,143477
68542,LULAWAY HOLDINGS,ocds-9t57fa-143519,ocds-9t57fa-143519-2025-12-12T00:00:00Z,143519
34935,BLACK ZEE 999 TRADING AND PROJECTS,ocds-9t57fa-143542,ocds-9t57fa-143542-2025-12-12T00:00:00Z,143542
36107,RAMSA CHARTERED ACCOUNTANTS AND AUDITORS,ocds-9t57fa-143554,ocds-9t57fa-143554-2025-12-12T00:00:00Z,143554
36060,BASAMANDLA CONSULTING,ocds-9t57fa-143554,ocds-9t57fa-143554-2025-12-12T00:00:00Z,143554
41416,SEGOSEDI TRADING,ocds-9t57fa-143571,ocds-9t57fa-143571-2025-12-12T00:00:00Z,143571
41421,NOTLO PEBETSE,ocds-9t57fa-143571,ocds-9t57fa-143571-2025-12-12T00:00:00Z,143571
34749,BECTON DICKINSON,ocds-9t57fa-143574,ocds-9t57fa-143574-2025-12-12T00:00:00Z,143574
36608,CA COMPUTER SOLUTIONS INTERNATIONAL,ocds-9t57fa-147220,ocds-9t57fa-147220-2025-06-06T00:00:00Z,147220
46155,CIRCULAR TECHNOLOGIES,ocds-9t57fa-149065,ocds-9t57fa-149065-2025-07-24T00:00:00Z,149065
63852,MAHLAKOANA TRADING,ocds-9t57fa-150330,ocds-9t57fa-150330-2025-08-29T00:00:00Z,150330
63861,MAKALANE TRADING ENTERPRISE,ocds-9t57fa-150330,ocds-9t57fa-150330-2025-08-29T00:00:00Z,150330
77165,SD IMBALI ENGINEERING,ocds-9t57fa-152118,ocds-9t57fa-152118-2025-01-24T00:00:00Z,152118
87030,NDLOZELA PROJECTS,ocds-9t57fa-153873,ocds-9t57fa-153873-2025-12-31T00:00:00Z,153873
27125,MAAA0022826 - (HENLEY AIR),ocds-9t57fa-131246,ocds-9t57fa-131246-2025-08-22T00:00:00Z,131246
23338,MAAA0087787 - (TRUVELO AFRICA ELECTRONICS DIVISION),ocds-9t57fa-111366,ocds-9t57fa-111366-2025-01-02T00:00:00Z,111366
23549,MTHIYA ENTERPRISES (PTY) LTD,ocds-9t57fa-112462,ocds-9t57fa-112462-2025-01-23T00:00:00Z,112462
23927,All Round Services,ocds-9t57fa-113262,ocds-9t57fa-113262-2025-01-31T00:00:00Z,113262
23632,MAAA0001820 - (BUSINESS CONNEXION),ocds-9t57fa-113268,ocds-9t57fa-113268-2025-01-31T00:00:00Z,113268
24739,"Tower Group, Staffing and Recruitment, Efficiency and Staffing Solutions, Nexia SAB& T, Mzantsi Afrika, CPI World, Workforce Holding, Thusanyo, Ponepele Pay Solutions, TTT Construction Project. ",ocds-9t57fa-113400,ocds-9t57fa-113400-2025-01-31T00:00:00Z,113400
24000,Wirsam Scientific and precision Equipment ( Pty) Ltd,ocds-9t57fa-114788,ocds-9t57fa-114788-2025-02-14T00:00:00Z,114788
25415,MAAA1281253,ocds-9t57fa-114817,ocds-9t57fa-114817-2025-02-14T00:00:00Z,114817
24685,"Amanzi Biosecurity, Zans African Medical, Sebakeng Holdings, Uper Square Manufacturing and Projects, Gapeletso Trading Services, Blue Dreams Enterprise, MSMP  Consulting Developers",ocds-9t57fa-115393,ocds-9t57fa-115393-2025-02-21T00:00:00Z,115393
24055,MAAA0290612 - (HI CALIBRE ENGINEERING),ocds-9t57fa-115468,ocds-9t57fa-115468-2025-02-21T00:00:00Z,115468
26021,LATERAL UNISON INSURANCE BROKERS,ocds-9t57fa-117504,ocds-9t57fa-117504-2025-03-13T00:00:00Z,117504
26678,MAAA0129352 - (CORE CATERING CAPE TOWN),ocds-9t57fa-117537,ocds-9t57fa-117537-2025-03-14T00:00:00Z,117537
24147,MAAA0361240 - (MGWEVHA PROJECTS AND SERVICES),ocds-9t57fa-117923,ocds-9t57fa-117923-2025-01-17T00:00:00Z,117923
24460,SHERENO PRINTERS,ocds-9t57fa-119549,ocds-9t57fa-119549-2025-03-06T00:00:00Z,119549
24979,Afrobotics (Pty) Ltd TT Africa JV,ocds-9t57fa-119889,ocds-9t57fa-119889-2025-04-11T00:00:00Z,119889
24812,Izikhova Security Services,ocds-9t57fa-120147,ocds-9t57fa-120147-2025-04-18T00:00:00Z,120147
25132,Pixykorner Studio Pty Ltd; Ambani Reputation Management Pty Ltd; Rito Group of Companies; Twenty 8 Zero 7 Communications; Rachips Group; Public Eye Media and Communications; African Proficient Media; Tali Towers Pty Ltd; Zindela Communication Pty Ltd; 882 Holdings Pty Ltd t/a 882 People; Corporate Image Holdings; Cut 2 Black Media Pty Ltd; Indingliz Advertising and Marketing cc,ocds-9t57fa-121268,ocds-9t57fa-121268-2025-05-02T00:00:00Z,121268
25459,1.  FC Hottest Plate (Heidelberg Satellite) ,ocds-9t57fa-122816,ocds-9t57fa-122816-2025-05-23T00:00:00Z,122816
25479,MAAA0503604 - (NAMAQUA WESKUS TOERISME),ocds-9t57fa-123108,ocds-9t57fa-123108-2025-05-23T00:00:00Z,123108
26194,PICTURE,ocds-9t57fa-125636,ocds-9t57fa-125636-2025-06-20T00:00:00Z,125636
26445,Vulcan Risk Solutions,ocds-9t57fa-128777,ocds-9t57fa-128777-2025-07-25T00:00:00Z,128777
26980,MAAA0360545 - (Landini Eastern Cape Joint Venture),ocds-9t57fa-132950,ocds-9t57fa-132950-2025-09-05T00:00:00Z,132950
26908,DANTE LANGUAGES,ocds-9t57fa-135218,ocds-9t57fa-135218-2025-08-15T00:00:00Z,135218
27719,MAAA1114736 - (NOTLO PEBETSE),ocds-9t57fa-137173,ocds-9t57fa-137173-2025-10-17T00:00:00Z,137173
27190,MAAA0415557 - (MVY CONSTRUCTION),ocds-9t57fa-137182,ocds-9t57fa-137182-2025-06-13T00:00:00Z,137182
23891,MAAA0949278 - (NZULANTE PROJECTS),ocds-9t57fa-113301,ocds-9t57fa-113301-2025-01-31T00:00:00Z,113301
23821,"Proper Document Storage, Metrofile, AGS Records Management, Iron Mountain South Africa, Dropper Group, The Document Warehouse and Quinine Security & Logistics Consulting Services",ocds-9t57fa-114072,ocds-9t57fa-114072-2025-02-07T00:00:00Z,114072
25946,MAAA0102902 - (TRU TRU TRADING),ocds-9t57fa-119277,ocds-9t57fa-119277-2025-04-04T00:00:00Z,119277
26414,MAAA0649426 - (KUDON ENGINEERING SERVICES),ocds-9t57fa-121209,ocds-9t57fa-121209-2025-04-30T00:00:00Z,121209
25235,KL Analytical service T/A Labserve,ocds-9t57fa-121873,ocds-9t57fa-121873-2025-05-09T00:00:00Z,121873
25372,MAAA1360635 - (BRAND GUARD),ocds-9t57fa-125629,ocds-9t57fa-125629-2025-05-30T00:00:00Z,125629
25866, 1.	Moshanti’s Place 2.	Matey Service Solutions 3.	Sontaga T Holdings 4.	Lebone Litho Printers 5.	Sibanye  Promo 6.	Royal ZOE Investments 7.	Lebomokwa Trading 8.	Now united group 9.	Blue Storm9 10.	Corpigift & Uniforms 11.	EYCZ.Cwadi enterprises 12.	Ris Supplier Printing 13.	Coconut Media 14.	Amawele Trading Solutions 15.	Melokuhle Holdings 16.	Atiarela Consulting 17.	Madiba Promotions 18.	Bantu Designs 19.	Gauteng News 20.	Kwanaite Trading 21.	Marven Sultan 22.	RBJ Marketing Solutions 23.	Adjuvo enterprises 24.	Nkosana enterprise 25.	Lwabo Trading Pty Ltd 26.	Shereno Printers 27.	Madingane Solutions 28.	Ndlovu & Co Investment 29.	Mac Telecoms SA 30.	Bondrite CC 31.	882 Holdings 32.	A&C Cosmetic Solutions 33.	Kuphanda SA Holdings Pty Ltd 34.	New Age Trading 35.	Brand Refinery 36.	TTT Procure 37.	Indima Ndongo Marketing & Communications 38.	Tshimologong Supplies 39.	Creative Harvest 40.	Khutlo Tharo Skills & Business Development Agency 41.	Thach Holdings 42.	Shoam Investment 43.	Mastaw Holdings 44.	Nyonyoba Communications 45.	Black letter 46.	Marcapolo Suppliers 47.	45th Media 48.	Hello Africa Promotions 49.	Moratwe Consultants 50.	Matseba Flock 51.	New Light Holdings 52.	Mac Telecoms SA  53.	Brand Burst 54.	Mahuma Group 55.	NQOLET 56.	Atlehang 20 Holdings 57.	Southern Eland Pty Ltd 58.	Golden Brains Marketing 59.	Sasekani Constractors 60.	Dovin Holdings 61.	Thepa Trading 582 62.	MillerPoint 63.	Motlhabane Semputi Support Services 64.	Emmanuel Group 65.	Sathekge Innovation & Technologies 66.	ThinkerPat Security Solutions 67.	Dakairo Branding 68.	Vhayeni Pty Ltd 69.	Oriki Studio Pty Ltd 70.	Assent Group 71.	PJ Sana Group 72.	Retrolex Consultancy 73.	Exposeit Infrawox 74.	Anzomode  75.	Inhlanhlo 76.	Bathuseng Holdings 77.	Reagile elite 78.	Interactive web works 79.	Designelo Visual Solutions 80.	Sombizi Holdings 81.	Luxemburg Investment 82.	DeeTebza Technologies 83.	Mavhunga Holdings 84.	Red Box 85.	Rachips 86.	Vaaki va Tiko Empire  87.	Inkspire Visuals 88.	Setsibi IT Support Services 89.	Mjesana Trading & Projects 90.	Litha Communications 91.	Gatseni Sizwe 92.	NNT Co 93.	Seers Corp 94.	Under the tree Litho Print 95.	Vutomi General Suppliers 96.	Kwinda Supplier & Projects 97.	It’s a brand investments 98.	Mathaba TL Construction & Project Solutions 99.	Mudau Picture Framers 100.	Ramashilo & Cleaning Chem 101.	Ndics Mutual Solutions 102.	Sparrow Multimedia SA 103.	Peace and Passion Projects 104.	Bopa Solutions and Services Pty Ltd 105.	Poorna Enterprises,ocds-9t57fa-127573,ocds-9t57fa-127573-2025-07-11T00:00:00Z,127573
26368,NCC Environmental services,ocds-9t57fa-128185,ocds-9t57fa-128185-2025-07-18T00:00:00Z,128185
26816,SR Civil,ocds-9t57fa-131563,ocds-9t57fa-131563-2025-08-22T00:00:00Z,131563
26832,No Bidder ,ocds-9t57fa-131721,ocds-9t57fa-131721-2025-08-22T00:00:00Z,131721
27439,S24 BUSINESS GROUP ,ocds-9t57fa-135746,ocds-9t57fa-135746-2025-10-03T00:00:00Z,135746
27723,MAAA0003869 - (EMERGENCE GROWTH),ocds-9t57fa-138786,ocds-9t57fa-138786-2025-10-31T00:00:00Z,138786
28152,BARONE BUDGE AND DOMINICK,ocds-9t57fa-139479,ocds-9t57fa-139479-2025-11-07T00:00:00Z,139479
33293,TAKE NOTE TRADING 245,ocds-9t57fa-140025,ocds-9t57fa-140025-2025-11-15T00:00:00Z,140025
37525,MOLOMO NR TRADING AND PROJECTS,ocds-9t57fa-147337,ocds-9t57fa-147337-2025-10-10T00:00:00Z,147337
41244,AQUA AFRICA,ocds-9t57fa-131664,ocds-9t57fa-131664-2025-08-23T00:00:00Z,131664
39990,SYNTELL,ocds-9t57fa-143861,ocds-9t57fa-143861-2025-12-19T00:00:00Z,143861
68717,POWER TRACT,ocds-9t57fa-143880,ocds-9t57fa-143880-2025-12-28T00:00:00Z,143880
23555,KAMELA RESOURCES,ocds-9t57fa-112020,ocds-9t57fa-112020-2025-01-17T00:00:00Z,112020
23914,Magnacorp186,ocds-9t57fa-113291,ocds-9t57fa-113291-2025-01-31T00:00:00Z,113291
23918,Bidvest McCarthy,ocds-9t57fa-113291,ocds-9t57fa-113291-2025-01-31T00:00:00Z,113291
23924,MAAA0032674 - (PERKINELMER SOUTH AFRICA),ocds-9t57fa-113341,ocds-9t57fa-113341-2025-01-31T00:00:00Z,113341
23925,MAAA0136676 - (SHIMADZU SOUTH AFRICA),ocds-9t57fa-113341,ocds-9t57fa-113341-2025-01-31T00:00:00Z,113341
23771,EZAMADODA PROJECTS AND CONSULTING PTY LTD,ocds-9t57fa-113407,ocds-9t57fa-113407-2025-01-31T00:00:00Z,113407
23773,LERA HOLDINGS PTY LTD,ocds-9t57fa-113407,ocds-9t57fa-113407-2025-01-31T00:00:00Z,113407
24089,MAAA0458895 - (JTP CONSORTIUM),ocds-9t57fa-114089,ocds-9t57fa-114089-2025-02-07T00:00:00Z,114089
24096,MAAA0076547 - (MPHELA EDUCATION TRAINING AND DEVELOPMENT),ocds-9t57fa-114089,ocds-9t57fa-114089-2025-02-07T00:00:00Z,114089
24094,MAAA0394566 - (ZIZY PRINTING AND PROJECTS),ocds-9t57fa-114089,ocds-9t57fa-114089-2025-02-07T00:00:00Z,114089
24310,Down Town Liquor cc,ocds-9t57fa-115490,ocds-9t57fa-115490-2025-02-21T00:00:00Z,115490
24257,Calandra Trading,ocds-9t57fa-115569,ocds-9t57fa-115569-2025-02-21T00:00:00Z,115569
25850,Ntaka obusi (Pty) Ltd,ocds-9t57fa-116001,ocds-9t57fa-116001-2025-02-27T00:00:00Z,116001
24086,DYNAMICS QUALITY PROVIDERS (PTY) LTD,ocds-9t57fa-116174,ocds-9t57fa-116174-2025-02-28T00:00:00Z,116174
24082,NSELE ENGINEERING,ocds-9t57fa-116174,ocds-9t57fa-116174-2025-02-28T00:00:00Z,116174
95781,INTEGRATORS OF SYSTEMS TECHNOLOGY,ocds-9t57fa-116840,ocds-9t57fa-116840-2025-03-07T00:00:00Z,116840
25783,SBULELE PROJECTS,ocds-9t57fa-117505,ocds-9t57fa-117505-2025-03-13T00:00:00Z,117505
25779,MKHONTO WETHU TRADING,ocds-9t57fa-117505,ocds-9t57fa-117505-2025-03-13T00:00:00Z,117505
24695,FMP Wellness (Pty) Ltd,ocds-9t57fa-117622,ocds-9t57fa-117622-2025-03-14T00:00:00Z,117622
25220,MAAA0153484 - (BMS EDUCATION),ocds-9t57fa-121223,ocds-9t57fa-121223-2025-05-02T00:00:00Z,121223
25223,MAAA0969260 - (CONCIV PROJECTS),ocds-9t57fa-121223,ocds-9t57fa-121223-2025-05-02T00:00:00Z,121223
25618,Absa Bank Limited ,ocds-9t57fa-122477,ocds-9t57fa-122477-2025-05-16T00:00:00Z,122477
25621,Nedbank Ltd,ocds-9t57fa-122477,ocds-9t57fa-122477-2025-05-16T00:00:00Z,122477
26487,MAAA0644544 - (EARTH GRID),ocds-9t57fa-122485,ocds-9t57fa-122485-2025-05-16T00:00:00Z,122485
26489,MAAA1431209 - (TISOL ELECTRICAL),ocds-9t57fa-122485,ocds-9t57fa-122485-2025-05-16T00:00:00Z,122485
25375,MAAA0222216 - (DOEPA TRADING 36),ocds-9t57fa-123054,ocds-9t57fa-123054-2025-05-23T00:00:00Z,123054
97907,KA NAKO BUSINESS SOLUTIONS,ocds-9t57fa-123115,ocds-9t57fa-123115-2025-05-23T00:00:00Z,123115
97943,LERA HOLDINGS,ocds-9t57fa-123115,ocds-9t57fa-123115-2025-05-23T00:00:00Z,123115
25932,Phosizwa Enterprise,ocds-9t57fa-123764,ocds-9t57fa-123764-2025-05-30T00:00:00Z,123764
25933,Lukhona Projects and Development,ocds-9t57fa-123764,ocds-9t57fa-123764-2025-05-30T00:00:00Z,123764
25931,Memotek Trading,ocds-9t57fa-123764,ocds-9t57fa-123764-2025-05-30T00:00:00Z,123764
100763,LULAWAY HOLDINGS,ocds-9t57fa-125496,ocds-9t57fa-125496-2025-06-20T00:00:00Z,125496
91407,MALEBOGO A TOTA,ocds-9t57fa-126994,ocds-9t57fa-126994-2025-07-04T00:00:00Z,126994
91426,TALA 3D,ocds-9t57fa-126994,ocds-9t57fa-126994-2025-07-04T00:00:00Z,126994
26068,MAAA0140967 - (CARAB TECHNOLOGIES); ,ocds-9t57fa-127027,ocds-9t57fa-127027-2025-07-04T00:00:00Z,127027
26070,MAAA0172025 - (ISPHAKAMISO HOLDINGS),ocds-9t57fa-127027,ocds-9t57fa-127027-2025-07-04T00:00:00Z,127027
26069,MAAA0318462 - (THABILETRADE 1001),ocds-9t57fa-127027,ocds-9t57fa-127027-2025-07-04T00:00:00Z,127027
88703,CROFTS GEARS,ocds-9t57fa-127510,ocds-9t57fa-127510-2025-07-11T00:00:00Z,127510
88706,ICEBURG TRADING 683,ocds-9t57fa-127510,ocds-9t57fa-127510-2025-07-11T00:00:00Z,127510
88707,KAMANO HOLDINGS,ocds-9t57fa-127510,ocds-9t57fa-127510-2025-07-11T00:00:00Z,127510
26347,MAAA0562002 - (RETHINK BUSINESS GROUP),ocds-9t57fa-128159,ocds-9t57fa-128159-2025-07-18T00:00:00Z,128159
26350,Mogale solution providers (pty)ltd,ocds-9t57fa-128159,ocds-9t57fa-128159-2025-07-18T00:00:00Z,128159
26865,MAAA0284578 - (SEACOM SOUTH AFRICA),ocds-9t57fa-129527,ocds-9t57fa-129527-2025-08-01T00:00:00Z,129527
26867,MAAA0339651 - (VUMELA I T SERVICES),ocds-9t57fa-129527,ocds-9t57fa-129527-2025-08-01T00:00:00Z,129527
26863,MAAA0574526 - (SONKE TELECOMMUNICATIONS),ocds-9t57fa-129527,ocds-9t57fa-129527-2025-08-01T00:00:00Z,129527
92155,THE SCIENTIFIC GROUP,ocds-9t57fa-130668,ocds-9t57fa-130668-2025-08-14T00:00:00Z,130668
26928,MAAA0956155 - (ELLENZO AUCTIONS),ocds-9t57fa-131535,ocds-9t57fa-131535-2025-08-21T00:00:00Z,131535
26935,MAAA1083952 - (INYOSI AUCTIONEERS AND APPRAISALS),ocds-9t57fa-131535,ocds-9t57fa-131535-2025-08-21T00:00:00Z,131535
26826,Waltons,ocds-9t57fa-131569,ocds-9t57fa-131569-2025-08-22T00:00:00Z,131569
26883,1 PATHP DIAGNOSTIC PATHOLOGISTS (PTY)LTD JV QLAB 2 BUNWAL HOUSE CC 3 GEN ANALYTICA (PTY)LTD T/A GENE LAB DIAGNOSTICS ,ocds-9t57fa-132023,ocds-9t57fa-132023-2025-08-29T00:00:00Z,132023
36390,IMVUSA TRADING 931,ocds-9t57fa-132160,ocds-9t57fa-132160-2025-09-19T00:00:00Z,132160
36388,EASY SECURITY SERVICES AND GUARDS,ocds-9t57fa-132160,ocds-9t57fa-132160-2025-09-19T00:00:00Z,132160
36393,KREMLINE HOLDINGS,ocds-9t57fa-132160,ocds-9t57fa-132160-2025-09-19T00:00:00Z,132160
75683,AVUMILE BUSINESS INVESTMENTS,ocds-9t57fa-134419,ocds-9t57fa-134419-2025-09-19T00:00:00Z,134419
75690,MAMI GROUP,ocds-9t57fa-134419,ocds-9t57fa-134419-2025-09-19T00:00:00Z,134419
75706,LALAS81 TRADING,ocds-9t57fa-134419,ocds-9t57fa-134419-2025-09-19T00:00:00Z,134419
76074,L GEE TRADING ENTERPRISE,ocds-9t57fa-134428,ocds-9t57fa-134428-2025-09-19T00:00:00Z,134428
76065,GK KGOLAGANO INVESTMENTS,ocds-9t57fa-134428,ocds-9t57fa-134428-2025-09-19T00:00:00Z,134428
76594,GASELA MST PROJECTS,ocds-9t57fa-134436,ocds-9t57fa-134436-2025-09-19T00:00:00Z,134436
76597,MAPLANI DEVELOPMENTS AND PROJECTS,ocds-9t57fa-134436,ocds-9t57fa-134436-2025-09-19T00:00:00Z,134436
76605,GLOBIFY 41,ocds-9t57fa-134436,ocds-9t57fa-134436-2025-09-19T00:00:00Z,134436
76607,BONTINITE CONSTRUCTION,ocds-9t57fa-134436,ocds-9t57fa-134436-2025-09-19T00:00:00Z,134436
76611,RIVERWALK TRADING 441,ocds-9t57fa-134436,ocds-9t57fa-134436-2025-09-19T00:00:00Z,134436
27455,MAAA0000263 - (KHUMZI INVESTMENTS),ocds-9t57fa-135036,ocds-9t57fa-135036-2025-09-26T00:00:00Z,135036
27459,Exilite Holdings (pty) Ltd,ocds-9t57fa-135036,ocds-9t57fa-135036-2025-09-26T00:00:00Z,135036
27457,SPL TRAVEL,ocds-9t57fa-135036,ocds-9t57fa-135036-2025-09-26T00:00:00Z,135036
27461,Maikemisetso,ocds-9t57fa-135036,ocds-9t57fa-135036-2025-09-26T00:00:00Z,135036
27466,Mthente Research and Consulting Services (Pty) Ltd.,ocds-9t57fa-135109,ocds-9t57fa-135109-2025-09-26T00:00:00Z,135109
27470,Insurvey,ocds-9t57fa-135109,ocds-9t57fa-135109-2025-09-26T00:00:00Z,135109
27472,TJ Dynamic Development Practices,ocds-9t57fa-135109,ocds-9t57fa-135109-2025-09-26T00:00:00Z,135109
27425,SMS ICT CHOICE (PTY) LTD,ocds-9t57fa-135741,ocds-9t57fa-135741-2025-10-03T00:00:00Z,135741
40876,DOLT HOLDINGS,ocds-9t57fa-135834,ocds-9t57fa-135834-2025-10-03T00:00:00Z,135834
40895,SOLVE4H,ocds-9t57fa-135834,ocds-9t57fa-135834-2025-10-03T00:00:00Z,135834
40865,NHLEIKS TECH TRADING,ocds-9t57fa-135834,ocds-9t57fa-135834-2025-10-03T00:00:00Z,135834
40907,B NKOSI PROJECTS,ocds-9t57fa-135834,ocds-9t57fa-135834-2025-10-03T00:00:00Z,135834
41060,MAMAYILA TRADING ENTERPRISE,ocds-9t57fa-135834,ocds-9t57fa-135834-2025-10-03T00:00:00Z,135834
28089,GREEN WORLD COM PTY LTD,ocds-9t57fa-136624,ocds-9t57fa-136624-2025-10-10T00:00:00Z,136624
28090,HIGH VOLTAGE TECHNOLOGY SA PTY LTD,ocds-9t57fa-136624,ocds-9t57fa-136624-2025-10-10T00:00:00Z,136624
28092,MABONENG ELECTRICAL DISTRIBUTORS (PTY) LTD,ocds-9t57fa-136624,ocds-9t57fa-136624-2025-10-10T00:00:00Z,136624
32244,4B PROTECTION SERVICES,ocds-9t57fa-138897,ocds-9t57fa-138897-2025-10-31T00:00:00Z,138897
32247,BIDVEST PROTEA COIN,ocds-9t57fa-138897,ocds-9t57fa-138897-2025-10-31T00:00:00Z,138897
32250,DBVEST SECURITY AND RISK MANAGEMENT SERVICES,ocds-9t57fa-138897,ocds-9t57fa-138897-2025-10-31T00:00:00Z,138897
27929,MAAA0101065 - (MOCHEKU LANDSCAPERS),ocds-9t57fa-139486,ocds-9t57fa-139486-2025-11-07T00:00:00Z,139486
82017,MARTIN AND EAST,ocds-9t57fa-139528,ocds-9t57fa-139528-2025-11-07T00:00:00Z,139528
27972,Lateral Unison Insurance Brokers (Pty) Ltd,ocds-9t57fa-139603,ocds-9t57fa-139603-2025-11-07T00:00:00Z,139603
27969,City of Tomorrow Consult (Pty) Ltd,ocds-9t57fa-139603,ocds-9t57fa-139603-2025-11-07T00:00:00Z,139603
38686,ENELAD,ocds-9t57fa-139680,ocds-9t57fa-139680-2025-11-07T00:00:00Z,139680
38685,BEAPO,ocds-9t57fa-139680,ocds-9t57fa-139680-2025-11-07T00:00:00Z,139680
33908,POTTS DEVCO,ocds-9t57fa-139952,ocds-9t57fa-139952-2025-11-14T00:00:00Z,139952
33907,ROOF ACT,ocds-9t57fa-139952,ocds-9t57fa-139952-2025-11-14T00:00:00Z,139952
78990,CAPSTONE 1248,ocds-9t57fa-140404,ocds-9t57fa-140404-2025-11-14T00:00:00Z,140404
78992,HPIC,ocds-9t57fa-140404,ocds-9t57fa-140404-2025-11-14T00:00:00Z,140404
56453,RAMASHU SUPPLY AND SERVICES,ocds-9t57fa-140410,ocds-9t57fa-140410-2025-11-14T00:00:00Z,140410
56437,GOLDWAVE CONSTRUCTION,ocds-9t57fa-140410,ocds-9t57fa-140410-2025-11-14T00:00:00Z,140410
56483,BLACK ZEE 999 TRADING AND PROJECTS,ocds-9t57fa-140410,ocds-9t57fa-140410-2025-11-14T00:00:00Z,140410
70193,MOHLANG FALE PLUMBING AND CONSTRUCTION,ocds-9t57fa-140502,ocds-9t57fa-140502-2025-11-14T00:00:00Z,140502
70217,ZERBACRAFT,ocds-9t57fa-140502,ocds-9t57fa-140502-2025-11-14T00:00:00Z,140502
70213,MOEPONG RESOURCES,ocds-9t57fa-140502,ocds-9t57fa-140502-2025-11-14T00:00:00Z,140502
70195,RISIMA PROJECT MANAGEMENT,ocds-9t57fa-140502,ocds-9t57fa-140502-2025-11-14T00:00:00Z,140502
33870,AV BALOYI CONSULTING,ocds-9t57fa-141271,ocds-9t57fa-141271-2025-11-21T00:00:00Z,141271
28120,MAAA0431362 - (CH FIRE SERVICES),ocds-9t57fa-141322,ocds-9t57fa-141322-2025-11-21T00:00:00Z,141322
29135,KHUPHUKA ENGINEERING,ocds-9t57fa-141361,ocds-9t57fa-141361-2025-11-21T00:00:00Z,141361
28177,KHUPHUKA ENGINEERING,ocds-9t57fa-141361,ocds-9t57fa-141361-2025-11-21T00:00:00Z,141361
31324,AYABONGA MATHONGA TRANS SERVICES,ocds-9t57fa-141405,ocds-9t57fa-141405-2025-11-21T00:00:00Z,141405
34142,FIBCO SOUTH AFRICA,ocds-9t57fa-141431,ocds-9t57fa-141431-2025-11-21T00:00:00Z,141431
34143,Jiangsu Zhongtian Technology Co Ltd,ocds-9t57fa-141431,ocds-9t57fa-141431-2025-11-21T00:00:00Z,141431
28445,MOGALE SOLUTION PROVIDERS,ocds-9t57fa-142047,ocds-9t57fa-142047-2025-11-28T00:00:00Z,142047
28510,KOENANA TRADING,ocds-9t57fa-142105,ocds-9t57fa-142105-2025-11-28T00:00:00Z,142105
28570,BALTECH TRADING,ocds-9t57fa-142105,ocds-9t57fa-142105-2025-11-28T00:00:00Z,142105
93153,ABC SOLAR,ocds-9t57fa-142160,ocds-9t57fa-142160-2025-11-28T00:00:00Z,142160
29298,ONEWAY TECHNOLOGIES,ocds-9t57fa-142162,ocds-9t57fa-142162-2025-11-28T00:00:00Z,142162
29300,LINAWE TECHNOLOGIES,ocds-9t57fa-142162,ocds-9t57fa-142162-2025-11-28T00:00:00Z,142162
29309,ISOLVE BUSINESS SOLUTIONS,ocds-9t57fa-142162,ocds-9t57fa-142162-2025-11-28T00:00:00Z,142162
33198,AFROCENTRIC INTELLECTUAL PROPERTY,ocds-9t57fa-142712,ocds-9t57fa-142712-2025-12-05T00:00:00Z,142712
33203,BRILLIANT TELECOMMUNICATIONS,ocds-9t57fa-142712,ocds-9t57fa-142712-2025-12-05T00:00:00Z,142712
29134,REDEFINE PROPERTIES,ocds-9t57fa-142768,ocds-9t57fa-142768-2025-12-05T00:00:00Z,142768
44210,LOAGO CIVILS AND PROJECTS,ocds-9t57fa-142785,ocds-9t57fa-142785-2025-12-05T00:00:00Z,142785
45341,LATHISO CONSULTING ENGINEERS,ocds-9t57fa-142791,ocds-9t57fa-142791-2025-12-05T00:00:00Z,142791
45345,SKI CIVIL AND STRUCTURAL ENGINEERS,ocds-9t57fa-142791,ocds-9t57fa-142791-2025-12-05T00:00:00Z,142791
45349,MAFAHLENI ENGINEERS AND PROJECT MANAGERS,ocds-9t57fa-142791,ocds-9t57fa-142791-2025-12-05T00:00:00Z,142791
42757,WILLOWSTREAM BUSINESS CONSULTANTS,ocds-9t57fa-142831,ocds-9t57fa-142831-2025-12-05T00:00:00Z,142831
42381,GABORENA CONSTRUCTION AND PROJECTS SERVICES,ocds-9t57fa-142845,ocds-9t57fa-142845-2025-12-05T00:00:00Z,142845
42385,DEUNICE TRADING,ocds-9t57fa-142845,ocds-9t57fa-142845-2025-12-05T00:00:00Z,142845
33094,OWETHU PROPERTY SERVICES,ocds-9t57fa-143184,ocds-9t57fa-143184-2025-12-12T00:00:00Z,143184
38208,DLN CONSULTING,ocds-9t57fa-143433,ocds-9t57fa-143433-2025-12-12T00:00:00Z,143433
38235,P.M JOSEPH,ocds-9t57fa-143433,ocds-9t57fa-143433-2025-12-12T00:00:00Z,143433
34411,DELTA CLEANING AND HYGIENE,ocds-9t57fa-143457,ocds-9t57fa-143457-2025-12-12T00:00:00Z,143457
80409,TEB RENTALS,ocds-9t57fa-143466,ocds-9t57fa-143466-2025-12-12T00:00:00Z,143466
40682,SDM ASSET MANAGEMENT AND CONSULTING,ocds-9t57fa-143490,ocds-9t57fa-143490-2025-12-12T00:00:00Z,143490
35241,AFRICA RISK AND INSURANCE SERVICES,ocds-9t57fa-143535,ocds-9t57fa-143535-2025-12-12T00:00:00Z,143535
35250,SILVER LAKE TRADING 305,ocds-9t57fa-143535,ocds-9t57fa-143535-2025-12-12T00:00:00Z,143535
41508,CORNER LIFE,ocds-9t57fa-143535,ocds-9t57fa-143535-2025-12-12T00:00:00Z,143535
31755,MOTIV 8 SYSTEMS,ocds-9t57fa-143557,ocds-9t57fa-143557-2025-12-12T00:00:00Z,143557
31768,ICONIX ENGINEERING SOLUTIONS,ocds-9t57fa-143557,ocds-9t57fa-143557-2025-12-12T00:00:00Z,143557
31772,BALANCED SERVICE PROVIDERS,ocds-9t57fa-143557,ocds-9t57fa-143557-2025-12-12T00:00:00Z,143557
38961,AMELIA BUSINESS SOLUTIONS,ocds-9t57fa-143577,ocds-9t57fa-143577-2025-12-12T00:00:00Z,143577
38671,NKOANA PHARMACEUTICAL,ocds-9t57fa-143585,ocds-9t57fa-143585-2025-12-12T00:00:00Z,143585
37669,CIRCULAR TECHNOLOGIES,ocds-9t57fa-147369,ocds-9t57fa-147369-2025-07-18T00:00:00Z,147369
37672,DELLTRO TECHNOLOGY,ocds-9t57fa-147369,ocds-9t57fa-147369-2025-07-18T00:00:00Z,147369
64064,GEMINI INDUSTRIAL GROUP,ocds-9t57fa-150338,ocds-9t57fa-150338-2025-08-01T00:00:00Z,150338
63875,GOOD FOR FAMILY,ocds-9t57fa-150343,ocds-9t57fa-150343-2025-08-29T00:00:00Z,150343
